<?xml version="1.0" encoding="UTF-8"?>
<depth_maps version="1.5.0">
  <depth_map camera_id="27" level="0" path="0/d27.exr">
    <calibration type="frame">
      <resolution width="324" height="216"/>
      <f>348.97905048155832</f>
      <cx>-2.6989162037340009</cx>
      <cy>0.15675063535825018</cy>
    </calibration>
  </depth_map>
  <depth_map camera_id="28" level="0" path="0/d28.exr">
    <calibration type="frame">
      <resolution width="324" height="216"/>
      <f>348.97905048155832</f>
      <cx>-2.6989162037340009</cx>
      <cy>0.15675063535825018</cy>
    </calibration>
  </depth_map>
  <depth_map camera_id="29" level="0" path="0/d29.exr">
    <calibration type="frame">
      <resolution width="324" height="216"/>
      <f>348.97905048155832</f>
      <cx>-2.6989162037340009</cx>
      <cy>0.15675063535825018</cy>
    </calibration>
  </depth_map>
  <depth_map camera_id="29" level="1" path="1/d29.exr">
    <calibration type="frame">
      <resolution width="162" height="108"/>
      <f>174.48952524077916</f>
      <cx>-1.3494581018670004</cx>
      <cy>0.078375317679125089</cy>
    </calibration>
  </depth_map>
  <depth_map camera_id="74" level="0" path="0/d74.exr">
    <calibration type="frame">
      <resolution width="324" height="216"/>
      <f>348.97905048155832</f>
      <cx>-2.6989162037340009</cx>
      <cy>0.15675063535825018</cy>
    </calibration>
  </depth_map>
  <depth_map camera_id="75" level="0" path="0/d75.exr">
    <calibration type="frame">
      <resolution width="324" height="216"/>
      <f>348.97905048155832</f>
      <cx>-2.6989162037340009</cx>
      <cy>0.15675063535825018</cy>
    </calibration>
  </depth_map>
  <depth_map camera_id="76" level="0" path="0/d76.exr">
    <calibration type="frame">
      <resolution width="324" height="216"/>
      <f>348.97905048155832</f>
      <cx>-2.6989162037340009</cx>
      <cy>0.15675063535825018</cy>
    </calibration>
  </depth_map>
  <depth_map camera_id="77" level="0" path="0/d77.exr">
    <calibration type="frame">
      <resolution width="324" height="216"/>
      <f>348.97905048155832</f>
      <cx>-2.6989162037340009</cx>
      <cy>0.15675063535825018</cy>
    </calibration>
  </depth_map>
  <depth_map camera_id="78" level="0" path="0/d78.exr">
    <calibration type="frame">
      <resolution width="324" height="216"/>
      <f>348.97905048155832</f>
      <cx>-2.6989162037340009</cx>
      <cy>0.15675063535825018</cy>
    </calibration>
  </depth_map>
  <depth_map camera_id="79" level="0" path="0/d79.exr">
    <calibration type="frame">
      <resolution width="324" height="216"/>
      <f>348.97905048155832</f>
      <cx>-2.6989162037340009</cx>
      <cy>0.15675063535825018</cy>
    </calibration>
  </depth_map>
  <depth_map camera_id="80" level="0" path="0/d80.exr">
    <calibration type="frame">
      <resolution width="324" height="216"/>
      <f>348.97905048155832</f>
      <cx>-2.6989162037340009</cx>
      <cy>0.15675063535825018</cy>
    </calibration>
  </depth_map>
  <depth_map camera_id="81" level="0" path="0/d81.exr">
    <calibration type="frame">
      <resolution width="324" height="216"/>
      <f>348.97905048155832</f>
      <cx>-2.6989162037340009</cx>
      <cy>0.15675063535825018</cy>
    </calibration>
  </depth_map>
  <depth_map camera_id="82" level="0" path="0/d82.exr">
    <calibration type="frame">
      <resolution width="324" height="216"/>
      <f>348.97905048155832</f>
      <cx>-2.6989162037340009</cx>
      <cy>0.15675063535825018</cy>
    </calibration>
  </depth_map>
  <depth_map camera_id="132" level="0" path="0/d132.exr">
    <calibration type="frame">
      <resolution width="324" height="216"/>
      <f>348.97905048155832</f>
      <cx>-2.6989162037340009</cx>
      <cy>0.15675063535825018</cy>
    </calibration>
  </depth_map>
  <depth_map camera_id="132" level="1" path="1/d132.exr">
    <calibration type="frame">
      <resolution width="162" height="108"/>
      <f>174.48952524077916</f>
      <cx>-1.3494581018670004</cx>
      <cy>0.078375317679125089</cy>
    </calibration>
  </depth_map>
  <depth_map camera_id="133" level="0" path="0/d133.exr">
    <calibration type="frame">
      <resolution width="324" height="216"/>
      <f>348.97905048155832</f>
      <cx>-2.6989162037340009</cx>
      <cy>0.15675063535825018</cy>
    </calibration>
  </depth_map>
  <depth_map camera_id="134" level="0" path="0/d134.exr">
    <calibration type="frame">
      <resolution width="324" height="216"/>
      <f>348.97905048155832</f>
      <cx>-2.6989162037340009</cx>
      <cy>0.15675063535825018</cy>
    </calibration>
  </depth_map>
  <depth_map camera_id="135" level="0" path="0/d135.exr">
    <calibration type="frame">
      <resolution width="324" height="216"/>
      <f>348.97905048155832</f>
      <cx>-2.6989162037340009</cx>
      <cy>0.15675063535825018</cy>
    </calibration>
  </depth_map>
  <depth_map camera_id="136" level="0" path="0/d136.exr">
    <calibration type="frame">
      <resolution width="324" height="216"/>
      <f>348.97905048155832</f>
      <cx>-2.6989162037340009</cx>
      <cy>0.15675063535825018</cy>
    </calibration>
  </depth_map>
  <depth_map camera_id="137" level="0" path="0/d137.exr">
    <calibration type="frame">
      <resolution width="324" height="216"/>
      <f>348.97905048155832</f>
      <cx>-2.6989162037340009</cx>
      <cy>0.15675063535825018</cy>
    </calibration>
  </depth_map>
  <depth_map camera_id="137" level="1" path="1/d137.exr">
    <calibration type="frame">
      <resolution width="162" height="108"/>
      <f>174.48952524077916</f>
      <cx>-1.3494581018670004</cx>
      <cy>0.078375317679125089</cy>
    </calibration>
  </depth_map>
  <depth_map camera_id="138" level="0" path="0/d138.exr">
    <calibration type="frame">
      <resolution width="324" height="216"/>
      <f>348.97905048155832</f>
      <cx>-2.6989162037340009</cx>
      <cy>0.15675063535825018</cy>
    </calibration>
  </depth_map>
  <depth_map camera_id="138" level="1" path="1/d138.exr">
    <calibration type="frame">
      <resolution width="162" height="108"/>
      <f>174.48952524077916</f>
      <cx>-1.3494581018670004</cx>
      <cy>0.078375317679125089</cy>
    </calibration>
  </depth_map>
</depth_maps>
