<?xml version="1.0" encoding="UTF-8"?>
<depth_maps version="1.5.0">
  <depth_map camera_id="20" level="0" path="0/d20.exr">
    <calibration type="frame">
      <resolution width="324" height="216"/>
      <f>344.71090349136216</f>
      <cx>-0.50614643932965464</cx>
      <cy>1.2989538353501189</cy>
    </calibration>
  </depth_map>
  <depth_map camera_id="21" level="0" path="0/d21.exr">
    <calibration type="frame">
      <resolution width="324" height="216"/>
      <f>344.71090349136216</f>
      <cx>-0.50614643932965464</cx>
      <cy>1.2989538353501189</cy>
    </calibration>
  </depth_map>
  <depth_map camera_id="21" level="1" path="1/d21.exr">
    <calibration type="frame">
      <resolution width="162" height="108"/>
      <f>172.35545174568108</f>
      <cx>-0.25307321966482732</cx>
      <cy>0.64947691767505944</cy>
    </calibration>
  </depth_map>
  <depth_map camera_id="22" level="0" path="0/d22.exr">
    <calibration type="frame">
      <resolution width="324" height="216"/>
      <f>344.71090349136216</f>
      <cx>-0.50614643932965464</cx>
      <cy>1.2989538353501189</cy>
    </calibration>
  </depth_map>
  <depth_map camera_id="22" level="1" path="1/d22.exr">
    <calibration type="frame">
      <resolution width="162" height="108"/>
      <f>172.35545174568108</f>
      <cx>-0.25307321966482732</cx>
      <cy>0.64947691767505944</cy>
    </calibration>
  </depth_map>
  <depth_map camera_id="23" level="0" path="0/d23.exr">
    <calibration type="frame">
      <resolution width="324" height="216"/>
      <f>344.71090349136216</f>
      <cx>-0.50614643932965464</cx>
      <cy>1.2989538353501189</cy>
    </calibration>
  </depth_map>
  <depth_map camera_id="24" level="0" path="0/d24.exr">
    <calibration type="frame">
      <resolution width="324" height="216"/>
      <f>344.71090349136216</f>
      <cx>-0.50614643932965464</cx>
      <cy>1.2989538353501189</cy>
    </calibration>
  </depth_map>
  <depth_map camera_id="24" level="1" path="1/d24.exr">
    <calibration type="frame">
      <resolution width="162" height="108"/>
      <f>172.35545174568108</f>
      <cx>-0.25307321966482732</cx>
      <cy>0.64947691767505944</cy>
    </calibration>
  </depth_map>
  <depth_map camera_id="25" level="0" path="0/d25.exr">
    <calibration type="frame">
      <resolution width="324" height="216"/>
      <f>344.71090349136216</f>
      <cx>-0.50614643932965464</cx>
      <cy>1.2989538353501189</cy>
    </calibration>
  </depth_map>
  <depth_map camera_id="25" level="1" path="1/d25.exr">
    <calibration type="frame">
      <resolution width="162" height="108"/>
      <f>172.35545174568108</f>
      <cx>-0.25307321966482732</cx>
      <cy>0.64947691767505944</cy>
    </calibration>
  </depth_map>
  <depth_map camera_id="26" level="0" path="0/d26.exr">
    <calibration type="frame">
      <resolution width="324" height="216"/>
      <f>344.71090349136216</f>
      <cx>-0.50614643932965464</cx>
      <cy>1.2989538353501189</cy>
    </calibration>
  </depth_map>
  <depth_map camera_id="27" level="0" path="0/d27.exr">
    <calibration type="frame">
      <resolution width="324" height="216"/>
      <f>344.71090349136216</f>
      <cx>-0.50614643932965464</cx>
      <cy>1.2989538353501189</cy>
    </calibration>
  </depth_map>
  <depth_map camera_id="28" level="0" path="0/d28.exr">
    <calibration type="frame">
      <resolution width="324" height="216"/>
      <f>344.71090349136216</f>
      <cx>-0.50614643932965464</cx>
      <cy>1.2989538353501189</cy>
    </calibration>
  </depth_map>
  <depth_map camera_id="29" level="0" path="0/d29.exr">
    <calibration type="frame">
      <resolution width="324" height="216"/>
      <f>344.71090349136216</f>
      <cx>-0.50614643932965464</cx>
      <cy>1.2989538353501189</cy>
    </calibration>
  </depth_map>
  <depth_map camera_id="30" level="0" path="0/d30.exr">
    <calibration type="frame">
      <resolution width="324" height="216"/>
      <f>344.71090349136216</f>
      <cx>-0.50614643932965464</cx>
      <cy>1.2989538353501189</cy>
    </calibration>
  </depth_map>
  <depth_map camera_id="30" level="1" path="1/d30.exr">
    <calibration type="frame">
      <resolution width="162" height="108"/>
      <f>172.35545174568108</f>
      <cx>-0.25307321966482732</cx>
      <cy>0.64947691767505944</cy>
    </calibration>
  </depth_map>
  <depth_map camera_id="31" level="0" path="0/d31.exr">
    <calibration type="frame">
      <resolution width="324" height="216"/>
      <f>344.71090349136216</f>
      <cx>-0.50614643932965464</cx>
      <cy>1.2989538353501189</cy>
    </calibration>
  </depth_map>
  <depth_map camera_id="31" level="1" path="1/d31.exr">
    <calibration type="frame">
      <resolution width="162" height="108"/>
      <f>172.35545174568108</f>
      <cx>-0.25307321966482732</cx>
      <cy>0.64947691767505944</cy>
    </calibration>
  </depth_map>
  <depth_map camera_id="108" level="0" path="0/d108.exr">
    <calibration type="frame">
      <resolution width="324" height="216"/>
      <f>344.71090349136216</f>
      <cx>-0.50614643932965464</cx>
      <cy>1.2989538353501189</cy>
    </calibration>
  </depth_map>
  <depth_map camera_id="108" level="1" path="1/d108.exr">
    <calibration type="frame">
      <resolution width="162" height="108"/>
      <f>172.35545174568108</f>
      <cx>-0.25307321966482732</cx>
      <cy>0.64947691767505944</cy>
    </calibration>
  </depth_map>
  <depth_map camera_id="109" level="0" path="0/d109.exr">
    <calibration type="frame">
      <resolution width="324" height="216"/>
      <f>344.71090349136216</f>
      <cx>-0.50614643932965464</cx>
      <cy>1.2989538353501189</cy>
    </calibration>
  </depth_map>
  <depth_map camera_id="109" level="1" path="1/d109.exr">
    <calibration type="frame">
      <resolution width="162" height="108"/>
      <f>172.35545174568108</f>
      <cx>-0.25307321966482732</cx>
      <cy>0.64947691767505944</cy>
    </calibration>
  </depth_map>
  <depth_map camera_id="110" level="0" path="0/d110.exr">
    <calibration type="frame">
      <resolution width="324" height="216"/>
      <f>344.71090349136216</f>
      <cx>-0.50614643932965464</cx>
      <cy>1.2989538353501189</cy>
    </calibration>
  </depth_map>
  <depth_map camera_id="110" level="1" path="1/d110.exr">
    <calibration type="frame">
      <resolution width="162" height="108"/>
      <f>172.35545174568108</f>
      <cx>-0.25307321966482732</cx>
      <cy>0.64947691767505944</cy>
    </calibration>
  </depth_map>
  <depth_map camera_id="111" level="0" path="0/d111.exr">
    <calibration type="frame">
      <resolution width="324" height="216"/>
      <f>344.71090349136216</f>
      <cx>-0.50614643932965464</cx>
      <cy>1.2989538353501189</cy>
    </calibration>
  </depth_map>
  <depth_map camera_id="111" level="1" path="1/d111.exr">
    <calibration type="frame">
      <resolution width="162" height="108"/>
      <f>172.35545174568108</f>
      <cx>-0.25307321966482732</cx>
      <cy>0.64947691767505944</cy>
    </calibration>
  </depth_map>
  <depth_map camera_id="112" level="0" path="0/d112.exr">
    <calibration type="frame">
      <resolution width="324" height="216"/>
      <f>344.71090349136216</f>
      <cx>-0.50614643932965464</cx>
      <cy>1.2989538353501189</cy>
    </calibration>
  </depth_map>
  <depth_map camera_id="112" level="1" path="1/d112.exr">
    <calibration type="frame">
      <resolution width="162" height="108"/>
      <f>172.35545174568108</f>
      <cx>-0.25307321966482732</cx>
      <cy>0.64947691767505944</cy>
    </calibration>
  </depth_map>
</depth_maps>
