<?xml version="1.0" encoding="UTF-8"?>
<depth_maps version="1.5.0">
  <depth_map camera_id="0" level="0" path="0/d0.exr">
    <calibration type="frame">
      <resolution width="324" height="216"/>
      <f>348.97905048155832</f>
      <cx>-2.6989162037340009</cx>
      <cy>0.15675063535825018</cy>
    </calibration>
  </depth_map>
  <depth_map camera_id="0" level="1" path="1/d0.exr">
    <calibration type="frame">
      <resolution width="162" height="108"/>
      <f>174.48952524077916</f>
      <cx>-1.3494581018670004</cx>
      <cy>0.078375317679125089</cy>
    </calibration>
  </depth_map>
  <depth_map camera_id="2" level="0" path="0/d2.exr">
    <calibration type="frame">
      <resolution width="324" height="216"/>
      <f>348.97905048155832</f>
      <cx>-2.6989162037340009</cx>
      <cy>0.15675063535825018</cy>
    </calibration>
  </depth_map>
  <depth_map camera_id="3" level="0" path="0/d3.exr">
    <calibration type="frame">
      <resolution width="324" height="216"/>
      <f>348.97905048155832</f>
      <cx>-2.6989162037340009</cx>
      <cy>0.15675063535825018</cy>
    </calibration>
  </depth_map>
  <depth_map camera_id="3" level="1" path="1/d3.exr">
    <calibration type="frame">
      <resolution width="162" height="108"/>
      <f>174.48952524077916</f>
      <cx>-1.3494581018670004</cx>
      <cy>0.078375317679125089</cy>
    </calibration>
  </depth_map>
  <depth_map camera_id="4" level="0" path="0/d4.exr">
    <calibration type="frame">
      <resolution width="324" height="216"/>
      <f>348.97905048155832</f>
      <cx>-2.6989162037340009</cx>
      <cy>0.15675063535825018</cy>
    </calibration>
  </depth_map>
  <depth_map camera_id="4" level="1" path="1/d4.exr">
    <calibration type="frame">
      <resolution width="162" height="108"/>
      <f>174.48952524077916</f>
      <cx>-1.3494581018670004</cx>
      <cy>0.078375317679125089</cy>
    </calibration>
  </depth_map>
  <depth_map camera_id="5" level="0" path="0/d5.exr">
    <calibration type="frame">
      <resolution width="324" height="216"/>
      <f>348.97905048155832</f>
      <cx>-2.6989162037340009</cx>
      <cy>0.15675063535825018</cy>
    </calibration>
  </depth_map>
  <depth_map camera_id="6" level="0" path="0/d6.exr">
    <calibration type="frame">
      <resolution width="324" height="216"/>
      <f>348.97905048155832</f>
      <cx>-2.6989162037340009</cx>
      <cy>0.15675063535825018</cy>
    </calibration>
  </depth_map>
  <depth_map camera_id="7" level="0" path="0/d7.exr">
    <calibration type="frame">
      <resolution width="324" height="216"/>
      <f>348.97905048155832</f>
      <cx>-2.6989162037340009</cx>
      <cy>0.15675063535825018</cy>
    </calibration>
  </depth_map>
  <depth_map camera_id="8" level="0" path="0/d8.exr">
    <calibration type="frame">
      <resolution width="324" height="216"/>
      <f>348.97905048155832</f>
      <cx>-2.6989162037340009</cx>
      <cy>0.15675063535825018</cy>
    </calibration>
  </depth_map>
  <depth_map camera_id="9" level="0" path="0/d9.exr">
    <calibration type="frame">
      <resolution width="324" height="216"/>
      <f>348.97905048155832</f>
      <cx>-2.6989162037340009</cx>
      <cy>0.15675063535825018</cy>
    </calibration>
  </depth_map>
  <depth_map camera_id="10" level="0" path="0/d10.exr">
    <calibration type="frame">
      <resolution width="324" height="216"/>
      <f>348.97905048155832</f>
      <cx>-2.6989162037340009</cx>
      <cy>0.15675063535825018</cy>
    </calibration>
  </depth_map>
  <depth_map camera_id="10" level="1" path="1/d10.exr">
    <calibration type="frame">
      <resolution width="162" height="108"/>
      <f>174.48952524077916</f>
      <cx>-1.3494581018670004</cx>
      <cy>0.078375317679125089</cy>
    </calibration>
  </depth_map>
  <depth_map camera_id="11" level="0" path="0/d11.exr">
    <calibration type="frame">
      <resolution width="324" height="216"/>
      <f>348.97905048155832</f>
      <cx>-2.6989162037340009</cx>
      <cy>0.15675063535825018</cy>
    </calibration>
  </depth_map>
  <depth_map camera_id="11" level="1" path="1/d11.exr">
    <calibration type="frame">
      <resolution width="162" height="108"/>
      <f>174.48952524077916</f>
      <cx>-1.3494581018670004</cx>
      <cy>0.078375317679125089</cy>
    </calibration>
  </depth_map>
  <depth_map camera_id="116" level="0" path="0/d116.exr">
    <calibration type="frame">
      <resolution width="324" height="216"/>
      <f>348.97905048155832</f>
      <cx>-2.6989162037340009</cx>
      <cy>0.15675063535825018</cy>
    </calibration>
  </depth_map>
  <depth_map camera_id="116" level="1" path="1/d116.exr">
    <calibration type="frame">
      <resolution width="162" height="108"/>
      <f>174.48952524077916</f>
      <cx>-1.3494581018670004</cx>
      <cy>0.078375317679125089</cy>
    </calibration>
  </depth_map>
  <depth_map camera_id="117" level="0" path="0/d117.exr">
    <calibration type="frame">
      <resolution width="324" height="216"/>
      <f>348.97905048155832</f>
      <cx>-2.6989162037340009</cx>
      <cy>0.15675063535825018</cy>
    </calibration>
  </depth_map>
  <depth_map camera_id="117" level="1" path="1/d117.exr">
    <calibration type="frame">
      <resolution width="162" height="108"/>
      <f>174.48952524077916</f>
      <cx>-1.3494581018670004</cx>
      <cy>0.078375317679125089</cy>
    </calibration>
  </depth_map>
  <depth_map camera_id="118" level="0" path="0/d118.exr">
    <calibration type="frame">
      <resolution width="324" height="216"/>
      <f>348.97905048155832</f>
      <cx>-2.6989162037340009</cx>
      <cy>0.15675063535825018</cy>
    </calibration>
  </depth_map>
  <depth_map camera_id="119" level="0" path="0/d119.exr">
    <calibration type="frame">
      <resolution width="324" height="216"/>
      <f>348.97905048155832</f>
      <cx>-2.6989162037340009</cx>
      <cy>0.15675063535825018</cy>
    </calibration>
  </depth_map>
  <depth_map camera_id="120" level="0" path="0/d120.exr">
    <calibration type="frame">
      <resolution width="324" height="216"/>
      <f>348.97905048155832</f>
      <cx>-2.6989162037340009</cx>
      <cy>0.15675063535825018</cy>
    </calibration>
  </depth_map>
  <depth_map camera_id="121" level="0" path="0/d121.exr">
    <calibration type="frame">
      <resolution width="324" height="216"/>
      <f>348.97905048155832</f>
      <cx>-2.6989162037340009</cx>
      <cy>0.15675063535825018</cy>
    </calibration>
  </depth_map>
  <depth_map camera_id="122" level="0" path="0/d122.exr">
    <calibration type="frame">
      <resolution width="324" height="216"/>
      <f>348.97905048155832</f>
      <cx>-2.6989162037340009</cx>
      <cy>0.15675063535825018</cy>
    </calibration>
  </depth_map>
  <depth_map camera_id="123" level="0" path="0/d123.exr">
    <calibration type="frame">
      <resolution width="324" height="216"/>
      <f>348.97905048155832</f>
      <cx>-2.6989162037340009</cx>
      <cy>0.15675063535825018</cy>
    </calibration>
  </depth_map>
</depth_maps>
