<?xml version="1.0" encoding="UTF-8"?>
<depth_maps version="1.5.0">
  <depth_map camera_id="22" level="0" path="0/d22.exr">
    <calibration type="frame">
      <resolution width="324" height="216"/>
      <f>348.9791000136799</f>
      <cx>-2.6989689256462839</cx>
      <cy>0.15674419068392353</cy>
    </calibration>
  </depth_map>
  <depth_map camera_id="22" level="1" path="1/d22.exr">
    <calibration type="frame">
      <resolution width="162" height="108"/>
      <f>174.48955000683995</f>
      <cx>-1.3494844628231419</cx>
      <cy>0.078372095341961767</cy>
    </calibration>
  </depth_map>
  <depth_map camera_id="23" level="0" path="0/d23.exr">
    <calibration type="frame">
      <resolution width="324" height="216"/>
      <f>348.9791000136799</f>
      <cx>-2.6989689256462839</cx>
      <cy>0.15674419068392353</cy>
    </calibration>
  </depth_map>
  <depth_map camera_id="23" level="1" path="1/d23.exr">
    <calibration type="frame">
      <resolution width="162" height="108"/>
      <f>174.48955000683995</f>
      <cx>-1.3494844628231419</cx>
      <cy>0.078372095341961767</cy>
    </calibration>
  </depth_map>
  <depth_map camera_id="24" level="0" path="0/d24.exr">
    <calibration type="frame">
      <resolution width="324" height="216"/>
      <f>348.9791000136799</f>
      <cx>-2.6989689256462839</cx>
      <cy>0.15674419068392353</cy>
    </calibration>
  </depth_map>
  <depth_map camera_id="24" level="1" path="1/d24.exr">
    <calibration type="frame">
      <resolution width="162" height="108"/>
      <f>174.48955000683995</f>
      <cx>-1.3494844628231419</cx>
      <cy>0.078372095341961767</cy>
    </calibration>
  </depth_map>
  <depth_map camera_id="25" level="0" path="0/d25.exr">
    <calibration type="frame">
      <resolution width="324" height="216"/>
      <f>348.9791000136799</f>
      <cx>-2.6989689256462839</cx>
      <cy>0.15674419068392353</cy>
    </calibration>
  </depth_map>
  <depth_map camera_id="26" level="0" path="0/d26.exr">
    <calibration type="frame">
      <resolution width="324" height="216"/>
      <f>348.9791000136799</f>
      <cx>-2.6989689256462839</cx>
      <cy>0.15674419068392353</cy>
    </calibration>
  </depth_map>
  <depth_map camera_id="65" level="0" path="0/d65.exr">
    <calibration type="frame">
      <resolution width="324" height="216"/>
      <f>348.9791000136799</f>
      <cx>-2.6989689256462839</cx>
      <cy>0.15674419068392353</cy>
    </calibration>
  </depth_map>
  <depth_map camera_id="66" level="0" path="0/d66.exr">
    <calibration type="frame">
      <resolution width="324" height="216"/>
      <f>348.9791000136799</f>
      <cx>-2.6989689256462839</cx>
      <cy>0.15674419068392353</cy>
    </calibration>
  </depth_map>
  <depth_map camera_id="67" level="0" path="0/d67.exr">
    <calibration type="frame">
      <resolution width="324" height="216"/>
      <f>348.9791000136799</f>
      <cx>-2.6989689256462839</cx>
      <cy>0.15674419068392353</cy>
    </calibration>
  </depth_map>
  <depth_map camera_id="68" level="0" path="0/d68.exr">
    <calibration type="frame">
      <resolution width="324" height="216"/>
      <f>348.9791000136799</f>
      <cx>-2.6989689256462839</cx>
      <cy>0.15674419068392353</cy>
    </calibration>
  </depth_map>
  <depth_map camera_id="69" level="0" path="0/d69.exr">
    <calibration type="frame">
      <resolution width="324" height="216"/>
      <f>348.9791000136799</f>
      <cx>-2.6989689256462839</cx>
      <cy>0.15674419068392353</cy>
    </calibration>
  </depth_map>
  <depth_map camera_id="70" level="0" path="0/d70.exr">
    <calibration type="frame">
      <resolution width="324" height="216"/>
      <f>348.9791000136799</f>
      <cx>-2.6989689256462839</cx>
      <cy>0.15674419068392353</cy>
    </calibration>
  </depth_map>
  <depth_map camera_id="71" level="0" path="0/d71.exr">
    <calibration type="frame">
      <resolution width="324" height="216"/>
      <f>348.9791000136799</f>
      <cx>-2.6989689256462839</cx>
      <cy>0.15674419068392353</cy>
    </calibration>
  </depth_map>
  <depth_map camera_id="72" level="0" path="0/d72.exr">
    <calibration type="frame">
      <resolution width="324" height="216"/>
      <f>348.9791000136799</f>
      <cx>-2.6989689256462839</cx>
      <cy>0.15674419068392353</cy>
    </calibration>
  </depth_map>
  <depth_map camera_id="73" level="0" path="0/d73.exr">
    <calibration type="frame">
      <resolution width="324" height="216"/>
      <f>348.9791000136799</f>
      <cx>-2.6989689256462839</cx>
      <cy>0.15674419068392353</cy>
    </calibration>
  </depth_map>
  <depth_map camera_id="139" level="0" path="0/d139.exr">
    <calibration type="frame">
      <resolution width="324" height="216"/>
      <f>348.9791000136799</f>
      <cx>-2.6989689256462839</cx>
      <cy>0.15674419068392353</cy>
    </calibration>
  </depth_map>
  <depth_map camera_id="139" level="1" path="1/d139.exr">
    <calibration type="frame">
      <resolution width="162" height="108"/>
      <f>174.48955000683995</f>
      <cx>-1.3494844628231419</cx>
      <cy>0.078372095341961767</cy>
    </calibration>
  </depth_map>
  <depth_map camera_id="140" level="0" path="0/d140.exr">
    <calibration type="frame">
      <resolution width="324" height="216"/>
      <f>348.9791000136799</f>
      <cx>-2.6989689256462839</cx>
      <cy>0.15674419068392353</cy>
    </calibration>
  </depth_map>
  <depth_map camera_id="141" level="0" path="0/d141.exr">
    <calibration type="frame">
      <resolution width="324" height="216"/>
      <f>348.9791000136799</f>
      <cx>-2.6989689256462839</cx>
      <cy>0.15674419068392353</cy>
    </calibration>
  </depth_map>
  <depth_map camera_id="142" level="0" path="0/d142.exr">
    <calibration type="frame">
      <resolution width="324" height="216"/>
      <f>348.9791000136799</f>
      <cx>-2.6989689256462839</cx>
      <cy>0.15674419068392353</cy>
    </calibration>
  </depth_map>
  <depth_map camera_id="143" level="0" path="0/d143.exr">
    <calibration type="frame">
      <resolution width="324" height="216"/>
      <f>348.9791000136799</f>
      <cx>-2.6989689256462839</cx>
      <cy>0.15674419068392353</cy>
    </calibration>
  </depth_map>
  <depth_map camera_id="143" level="1" path="1/d143.exr">
    <calibration type="frame">
      <resolution width="162" height="108"/>
      <f>174.48955000683995</f>
      <cx>-1.3494844628231419</cx>
      <cy>0.078372095341961767</cy>
    </calibration>
  </depth_map>
</depth_maps>
