<?xml version="1.0" encoding="UTF-8"?>
<point_cloud version="1.2.0">
  <params>
    <dataType>uint8</dataType>
    <bands>
      <band label="Red"/>
      <band label="Green"/>
      <band label="Blue"/>
    </bands>
  </params>
  <tracks path="tracks.ply" count="18563"/>
  <points path="points.ply" count="15126"/>
  <projections camera_id="0" path="p0.ply" count="575"/>
  <projections camera_id="1" path="p1.ply" count="599"/>
  <projections camera_id="2" path="p2.ply" count="641"/>
  <projections camera_id="3" path="p3.ply" count="672"/>
  <projections camera_id="4" path="p4.ply" count="667"/>
  <projections camera_id="5" path="p5.ply" count="702"/>
  <projections camera_id="6" path="p6.ply" count="704"/>
  <projections camera_id="7" path="p7.ply" count="709"/>
  <projections camera_id="8" path="p8.ply" count="715"/>
  <projections camera_id="9" path="p9.ply" count="824"/>
  <projections camera_id="10" path="p10.ply" count="746"/>
  <projections camera_id="11" path="p11.ply" count="689"/>
  <projections camera_id="12" path="p12.ply" count="712"/>
  <projections camera_id="13" path="p13.ply" count="704"/>
  <projections camera_id="14" path="p14.ply" count="703"/>
  <projections camera_id="15" path="p15.ply" count="775"/>
  <projections camera_id="16" path="p16.ply" count="753"/>
  <projections camera_id="17" path="p17.ply" count="794"/>
  <projections camera_id="18" path="p18.ply" count="719"/>
  <projections camera_id="19" path="p19.ply" count="693"/>
  <projections camera_id="20" path="p20.ply" count="706"/>
  <projections camera_id="21" path="p21.ply" count="708"/>
  <projections camera_id="22" path="p22.ply" count="620"/>
  <projections camera_id="23" path="p23.ply" count="616"/>
  <projections camera_id="24" path="p24.ply" count="583"/>
  <projections camera_id="25" path="p25.ply" count="712"/>
  <projections camera_id="26" path="p26.ply" count="632"/>
  <projections camera_id="27" path="p27.ply" count="643"/>
  <projections camera_id="28" path="p28.ply" count="682"/>
  <projections camera_id="29" path="p29.ply" count="664"/>
  <projections camera_id="30" path="p30.ply" count="687"/>
  <projections camera_id="31" path="p31.ply" count="772"/>
  <projections camera_id="32" path="p32.ply" count="735"/>
  <projections camera_id="33" path="p33.ply" count="772"/>
  <projections camera_id="34" path="p34.ply" count="858"/>
  <projections camera_id="35" path="p35.ply" count="710"/>
  <projections camera_id="36" path="p36.ply" count="722"/>
  <projections camera_id="37" path="p37.ply" count="744"/>
  <projections camera_id="38" path="p38.ply" count="700"/>
  <projections camera_id="39" path="p39.ply" count="749"/>
  <projections camera_id="40" path="p40.ply" count="746"/>
  <projections camera_id="41" path="p41.ply" count="716"/>
  <projections camera_id="42" path="p42.ply" count="634"/>
  <projections camera_id="43" path="p43.ply" count="651"/>
  <projections camera_id="44" path="p44.ply" count="649"/>
  <projections camera_id="45" path="p45.ply" count="720"/>
  <projections camera_id="46" path="p46.ply" count="689"/>
  <projections camera_id="47" path="p47.ply" count="581"/>
  <projections camera_id="48" path="p48.ply" count="608"/>
  <projections camera_id="49" path="p49.ply" count="660"/>
  <projections camera_id="50" path="p50.ply" count="655"/>
  <projections camera_id="51" path="p51.ply" count="595"/>
  <projections camera_id="52" path="p52.ply" count="499"/>
  <projections camera_id="53" path="p53.ply" count="421"/>
  <projections camera_id="54" path="p54.ply" count="622"/>
  <projections camera_id="55" path="p55.ply" count="662"/>
  <projections camera_id="56" path="p56.ply" count="610"/>
  <projections camera_id="57" path="p57.ply" count="783"/>
  <projections camera_id="58" path="p58.ply" count="745"/>
  <projections camera_id="59" path="p59.ply" count="707"/>
  <projections camera_id="60" path="p60.ply" count="709"/>
  <projections camera_id="61" path="p61.ply" count="641"/>
  <projections camera_id="62" path="p62.ply" count="696"/>
  <projections camera_id="63" path="p63.ply" count="733"/>
  <projections camera_id="64" path="p64.ply" count="662"/>
  <projections camera_id="65" path="p65.ply" count="695"/>
  <projections camera_id="66" path="p66.ply" count="725"/>
  <projections camera_id="67" path="p67.ply" count="683"/>
  <projections camera_id="68" path="p68.ply" count="689"/>
  <projections camera_id="69" path="p69.ply" count="708"/>
  <projections camera_id="70" path="p70.ply" count="647"/>
  <projections camera_id="71" path="p71.ply" count="647"/>
  <projections camera_id="72" path="p72.ply" count="636"/>
  <projections camera_id="73" path="p73.ply" count="638"/>
  <projections camera_id="74" path="p74.ply" count="648"/>
  <projections camera_id="75" path="p75.ply" count="611"/>
  <projections camera_id="76" path="p76.ply" count="698"/>
  <projections camera_id="77" path="p77.ply" count="733"/>
  <projections camera_id="78" path="p78.ply" count="729"/>
  <projections camera_id="79" path="p79.ply" count="652"/>
  <projections camera_id="80" path="p80.ply" count="763"/>
  <projections camera_id="81" path="p81.ply" count="690"/>
  <projections camera_id="82" path="p82.ply" count="628"/>
  <projections camera_id="83" path="p83.ply" count="618"/>
  <projections camera_id="84" path="p84.ply" count="670"/>
  <projections camera_id="85" path="p85.ply" count="681"/>
  <projections camera_id="86" path="p86.ply" count="634"/>
  <projections camera_id="87" path="p87.ply" count="610"/>
  <projections camera_id="88" path="p88.ply" count="619"/>
  <projections camera_id="89" path="p89.ply" count="592"/>
  <projections camera_id="90" path="p90.ply" count="528"/>
  <projections camera_id="91" path="p91.ply" count="524"/>
  <projections camera_id="92" path="p92.ply" count="454"/>
  <projections camera_id="93" path="p93.ply" count="318"/>
  <projections camera_id="94" path="p94.ply" count="475"/>
  <projections camera_id="95" path="p95.ply" count="467"/>
  <projections camera_id="96" path="p96.ply" count="500"/>
  <projections camera_id="97" path="p97.ply" count="517"/>
  <projections camera_id="98" path="p98.ply" count="512"/>
  <projections camera_id="99" path="p99.ply" count="596"/>
  <projections camera_id="100" path="p100.ply" count="612"/>
  <projections camera_id="101" path="p101.ply" count="565"/>
  <projections camera_id="102" path="p102.ply" count="594"/>
  <projections camera_id="103" path="p103.ply" count="542"/>
  <projections camera_id="104" path="p104.ply" count="619"/>
  <projections camera_id="105" path="p105.ply" count="651"/>
  <projections camera_id="106" path="p106.ply" count="632"/>
  <projections camera_id="107" path="p107.ply" count="660"/>
  <projections camera_id="108" path="p108.ply" count="621"/>
  <projections camera_id="109" path="p109.ply" count="679"/>
  <projections camera_id="110" path="p110.ply" count="678"/>
  <projections camera_id="111" path="p111.ply" count="705"/>
  <projections camera_id="112" path="p112.ply" count="685"/>
  <projections camera_id="113" path="p113.ply" count="721"/>
  <projections camera_id="114" path="p114.ply" count="766"/>
  <projections camera_id="115" path="p115.ply" count="758"/>
  <projections camera_id="116" path="p116.ply" count="696"/>
  <projections camera_id="117" path="p117.ply" count="748"/>
  <projections camera_id="118" path="p118.ply" count="673"/>
  <projections camera_id="119" path="p119.ply" count="676"/>
  <projections camera_id="120" path="p120.ply" count="698"/>
  <projections camera_id="121" path="p121.ply" count="696"/>
  <projections camera_id="122" path="p122.ply" count="689"/>
  <projections camera_id="123" path="p123.ply" count="691"/>
  <projections camera_id="124" path="p124.ply" count="604"/>
  <projections camera_id="125" path="p125.ply" count="566"/>
  <projections camera_id="126" path="p126.ply" count="584"/>
  <projections camera_id="127" path="p127.ply" count="646"/>
  <projections camera_id="128" path="p128.ply" count="666"/>
  <projections camera_id="129" path="p129.ply" count="752"/>
  <projections camera_id="130" path="p130.ply" count="750"/>
  <projections camera_id="131" path="p131.ply" count="762"/>
  <projections camera_id="132" path="p132.ply" count="788"/>
  <projections camera_id="133" path="p133.ply" count="780"/>
  <projections camera_id="134" path="p134.ply" count="721"/>
  <projections camera_id="135" path="p135.ply" count="698"/>
  <projections camera_id="136" path="p136.ply" count="763"/>
  <projections camera_id="137" path="p137.ply" count="799"/>
  <projections camera_id="138" path="p138.ply" count="755"/>
  <projections camera_id="139" path="p139.ply" count="692"/>
  <projections camera_id="140" path="p140.ply" count="699"/>
  <projections camera_id="141" path="p141.ply" count="703"/>
  <projections camera_id="142" path="p142.ply" count="649"/>
  <projections camera_id="143" path="p143.ply" count="684"/>
  <projections camera_id="144" path="p144.ply" count="755"/>
  <projections camera_id="145" path="p145.ply" count="775"/>
  <projections camera_id="146" path="p146.ply" count="728"/>
  <projections camera_id="147" path="p147.ply" count="809"/>
  <projections camera_id="148" path="p148.ply" count="734"/>
  <projections camera_id="149" path="p149.ply" count="752"/>
  <projections camera_id="150" path="p150.ply" count="693"/>
  <projections camera_id="151" path="p151.ply" count="669"/>
  <projections camera_id="152" path="p152.ply" count="625"/>
  <projections camera_id="153" path="p153.ply" count="530"/>
  <projections camera_id="154" path="p154.ply" count="596"/>
  <projections camera_id="155" path="p155.ply" count="595"/>
  <projections camera_id="156" path="p156.ply" count="596"/>
  <meta>
    <property name="Info/LastSavedDateTime" value="2020:08:07 23:50:17"/>
    <property name="Info/LastSavedSoftwareVersion" value="1.6.3.10732"/>
    <property name="Info/OriginalDateTime" value="2020:08:07 23:49:48"/>
    <property name="Info/OriginalSoftwareVersion" value="1.6.3.10732"/>
    <property name="MatchPhotos/cameras" value=""/>
    <property name="MatchPhotos/downscale" value="8"/>
    <property name="MatchPhotos/duration" value="28.771"/>
    <property name="MatchPhotos/generic_preselection" value="false"/>
    <property name="MatchPhotos/guided_matching" value="false"/>
    <property name="MatchPhotos/keep_keypoints" value="false"/>
    <property name="MatchPhotos/keypoint_limit" value="40000"/>
    <property name="MatchPhotos/max_workgroup_size" value="100"/>
    <property name="MatchPhotos/ram_used" value="235991040"/>
    <property name="MatchPhotos/reference_preselection" value="true"/>
    <property name="MatchPhotos/reference_preselection_mode" value="2"/>
    <property name="MatchPhotos/reset_matches" value="false"/>
    <property name="MatchPhotos/subdivide_task" value="true"/>
    <property name="MatchPhotos/tiepoint_limit" value="4000"/>
    <property name="MatchPhotos/workitem_size_cameras" value="20"/>
    <property name="MatchPhotos/workitem_size_pairs" value="80"/>
  </meta>
</point_cloud>
