<?xml version="1.0" encoding="UTF-8"?>
<depth_maps version="1.5.0">
  <depth_map camera_id="60" level="0" path="0/d60.exr">
    <calibration type="frame">
      <resolution width="324" height="216"/>
      <f>344.71090349146056</f>
      <cx>-0.50614643985161933</cx>
      <cy>1.2989538349576577</cy>
    </calibration>
  </depth_map>
  <depth_map camera_id="60" level="1" path="1/d60.exr">
    <calibration type="frame">
      <resolution width="162" height="108"/>
      <f>172.35545174573028</f>
      <cx>-0.25307321992580967</cx>
      <cy>0.64947691747882885</cy>
    </calibration>
  </depth_map>
  <depth_map camera_id="61" level="0" path="0/d61.exr">
    <calibration type="frame">
      <resolution width="324" height="216"/>
      <f>344.71090349146056</f>
      <cx>-0.50614643985161933</cx>
      <cy>1.2989538349576577</cy>
    </calibration>
  </depth_map>
  <depth_map camera_id="61" level="1" path="1/d61.exr">
    <calibration type="frame">
      <resolution width="162" height="108"/>
      <f>172.35545174573028</f>
      <cx>-0.25307321992580967</cx>
      <cy>0.64947691747882885</cy>
    </calibration>
  </depth_map>
  <depth_map camera_id="62" level="0" path="0/d62.exr">
    <calibration type="frame">
      <resolution width="324" height="216"/>
      <f>344.71090349146056</f>
      <cx>-0.50614643985161933</cx>
      <cy>1.2989538349576577</cy>
    </calibration>
  </depth_map>
  <depth_map camera_id="62" level="1" path="1/d62.exr">
    <calibration type="frame">
      <resolution width="162" height="108"/>
      <f>172.35545174573028</f>
      <cx>-0.25307321992580967</cx>
      <cy>0.64947691747882885</cy>
    </calibration>
  </depth_map>
  <depth_map camera_id="63" level="0" path="0/d63.exr">
    <calibration type="frame">
      <resolution width="324" height="216"/>
      <f>344.71090349146056</f>
      <cx>-0.50614643985161933</cx>
      <cy>1.2989538349576577</cy>
    </calibration>
  </depth_map>
  <depth_map camera_id="63" level="1" path="1/d63.exr">
    <calibration type="frame">
      <resolution width="162" height="108"/>
      <f>172.35545174573028</f>
      <cx>-0.25307321992580967</cx>
      <cy>0.64947691747882885</cy>
    </calibration>
  </depth_map>
  <depth_map camera_id="64" level="0" path="0/d64.exr">
    <calibration type="frame">
      <resolution width="324" height="216"/>
      <f>344.71090349146056</f>
      <cx>-0.50614643985161933</cx>
      <cy>1.2989538349576577</cy>
    </calibration>
  </depth_map>
  <depth_map camera_id="64" level="1" path="1/d64.exr">
    <calibration type="frame">
      <resolution width="162" height="108"/>
      <f>172.35545174573028</f>
      <cx>-0.25307321992580967</cx>
      <cy>0.64947691747882885</cy>
    </calibration>
  </depth_map>
  <depth_map camera_id="65" level="0" path="0/d65.exr">
    <calibration type="frame">
      <resolution width="324" height="216"/>
      <f>344.71090349146056</f>
      <cx>-0.50614643985161933</cx>
      <cy>1.2989538349576577</cy>
    </calibration>
  </depth_map>
  <depth_map camera_id="65" level="1" path="1/d65.exr">
    <calibration type="frame">
      <resolution width="162" height="108"/>
      <f>172.35545174573028</f>
      <cx>-0.25307321992580967</cx>
      <cy>0.64947691747882885</cy>
    </calibration>
  </depth_map>
  <depth_map camera_id="66" level="0" path="0/d66.exr">
    <calibration type="frame">
      <resolution width="324" height="216"/>
      <f>344.71090349146056</f>
      <cx>-0.50614643985161933</cx>
      <cy>1.2989538349576577</cy>
    </calibration>
  </depth_map>
  <depth_map camera_id="66" level="1" path="1/d66.exr">
    <calibration type="frame">
      <resolution width="162" height="108"/>
      <f>172.35545174573028</f>
      <cx>-0.25307321992580967</cx>
      <cy>0.64947691747882885</cy>
    </calibration>
  </depth_map>
  <depth_map camera_id="67" level="0" path="0/d67.exr">
    <calibration type="frame">
      <resolution width="324" height="216"/>
      <f>344.71090349146056</f>
      <cx>-0.50614643985161933</cx>
      <cy>1.2989538349576577</cy>
    </calibration>
  </depth_map>
  <depth_map camera_id="67" level="1" path="1/d67.exr">
    <calibration type="frame">
      <resolution width="162" height="108"/>
      <f>172.35545174573028</f>
      <cx>-0.25307321992580967</cx>
      <cy>0.64947691747882885</cy>
    </calibration>
  </depth_map>
  <depth_map camera_id="68" level="0" path="0/d68.exr">
    <calibration type="frame">
      <resolution width="324" height="216"/>
      <f>344.71090349146056</f>
      <cx>-0.50614643985161933</cx>
      <cy>1.2989538349576577</cy>
    </calibration>
  </depth_map>
  <depth_map camera_id="68" level="1" path="1/d68.exr">
    <calibration type="frame">
      <resolution width="162" height="108"/>
      <f>172.35545174573028</f>
      <cx>-0.25307321992580967</cx>
      <cy>0.64947691747882885</cy>
    </calibration>
  </depth_map>
  <depth_map camera_id="69" level="0" path="0/d69.exr">
    <calibration type="frame">
      <resolution width="324" height="216"/>
      <f>344.71090349146056</f>
      <cx>-0.50614643985161933</cx>
      <cy>1.2989538349576577</cy>
    </calibration>
  </depth_map>
  <depth_map camera_id="69" level="1" path="1/d69.exr">
    <calibration type="frame">
      <resolution width="162" height="108"/>
      <f>172.35545174573028</f>
      <cx>-0.25307321992580967</cx>
      <cy>0.64947691747882885</cy>
    </calibration>
  </depth_map>
  <depth_map camera_id="70" level="0" path="0/d70.exr">
    <calibration type="frame">
      <resolution width="324" height="216"/>
      <f>344.71090349146056</f>
      <cx>-0.50614643985161933</cx>
      <cy>1.2989538349576577</cy>
    </calibration>
  </depth_map>
  <depth_map camera_id="70" level="1" path="1/d70.exr">
    <calibration type="frame">
      <resolution width="162" height="108"/>
      <f>172.35545174573028</f>
      <cx>-0.25307321992580967</cx>
      <cy>0.64947691747882885</cy>
    </calibration>
  </depth_map>
  <depth_map camera_id="71" level="0" path="0/d71.exr">
    <calibration type="frame">
      <resolution width="324" height="216"/>
      <f>344.71090349146056</f>
      <cx>-0.50614643985161933</cx>
      <cy>1.2989538349576577</cy>
    </calibration>
  </depth_map>
  <depth_map camera_id="71" level="1" path="1/d71.exr">
    <calibration type="frame">
      <resolution width="162" height="108"/>
      <f>172.35545174573028</f>
      <cx>-0.25307321992580967</cx>
      <cy>0.64947691747882885</cy>
    </calibration>
  </depth_map>
  <depth_map camera_id="72" level="0" path="0/d72.exr">
    <calibration type="frame">
      <resolution width="324" height="216"/>
      <f>344.71090349146056</f>
      <cx>-0.50614643985161933</cx>
      <cy>1.2989538349576577</cy>
    </calibration>
  </depth_map>
  <depth_map camera_id="72" level="1" path="1/d72.exr">
    <calibration type="frame">
      <resolution width="162" height="108"/>
      <f>172.35545174573028</f>
      <cx>-0.25307321992580967</cx>
      <cy>0.64947691747882885</cy>
    </calibration>
  </depth_map>
  <depth_map camera_id="133" level="0" path="0/d133.exr">
    <calibration type="frame">
      <resolution width="324" height="216"/>
      <f>344.71090349146056</f>
      <cx>-0.50614643985161933</cx>
      <cy>1.2989538349576577</cy>
    </calibration>
  </depth_map>
  <depth_map camera_id="133" level="1" path="1/d133.exr">
    <calibration type="frame">
      <resolution width="162" height="108"/>
      <f>172.35545174573028</f>
      <cx>-0.25307321992580967</cx>
      <cy>0.64947691747882885</cy>
    </calibration>
  </depth_map>
  <depth_map camera_id="134" level="0" path="0/d134.exr">
    <calibration type="frame">
      <resolution width="324" height="216"/>
      <f>344.71090349146056</f>
      <cx>-0.50614643985161933</cx>
      <cy>1.2989538349576577</cy>
    </calibration>
  </depth_map>
  <depth_map camera_id="134" level="1" path="1/d134.exr">
    <calibration type="frame">
      <resolution width="162" height="108"/>
      <f>172.35545174573028</f>
      <cx>-0.25307321992580967</cx>
      <cy>0.64947691747882885</cy>
    </calibration>
  </depth_map>
  <depth_map camera_id="135" level="0" path="0/d135.exr">
    <calibration type="frame">
      <resolution width="324" height="216"/>
      <f>344.71090349146056</f>
      <cx>-0.50614643985161933</cx>
      <cy>1.2989538349576577</cy>
    </calibration>
  </depth_map>
  <depth_map camera_id="135" level="1" path="1/d135.exr">
    <calibration type="frame">
      <resolution width="162" height="108"/>
      <f>172.35545174573028</f>
      <cx>-0.25307321992580967</cx>
      <cy>0.64947691747882885</cy>
    </calibration>
  </depth_map>
  <depth_map camera_id="136" level="0" path="0/d136.exr">
    <calibration type="frame">
      <resolution width="324" height="216"/>
      <f>344.71090349146056</f>
      <cx>-0.50614643985161933</cx>
      <cy>1.2989538349576577</cy>
    </calibration>
  </depth_map>
  <depth_map camera_id="136" level="1" path="1/d136.exr">
    <calibration type="frame">
      <resolution width="162" height="108"/>
      <f>172.35545174573028</f>
      <cx>-0.25307321992580967</cx>
      <cy>0.64947691747882885</cy>
    </calibration>
  </depth_map>
  <depth_map camera_id="137" level="0" path="0/d137.exr">
    <calibration type="frame">
      <resolution width="324" height="216"/>
      <f>344.71090349146056</f>
      <cx>-0.50614643985161933</cx>
      <cy>1.2989538349576577</cy>
    </calibration>
  </depth_map>
  <depth_map camera_id="137" level="1" path="1/d137.exr">
    <calibration type="frame">
      <resolution width="162" height="108"/>
      <f>172.35545174573028</f>
      <cx>-0.25307321992580967</cx>
      <cy>0.64947691747882885</cy>
    </calibration>
  </depth_map>
</depth_maps>
