<?xml version="1.0" encoding="UTF-8"?>
<depth_maps version="1.5.0">
  <depth_map camera_id="83" level="0" path="0/d83.exr">
    <calibration type="frame">
      <resolution width="324" height="216"/>
      <f>348.9791000136799</f>
      <cx>-2.6989689256462839</cx>
      <cy>0.15674419068392353</cy>
    </calibration>
  </depth_map>
  <depth_map camera_id="84" level="0" path="0/d84.exr">
    <calibration type="frame">
      <resolution width="324" height="216"/>
      <f>348.9791000136799</f>
      <cx>-2.6989689256462839</cx>
      <cy>0.15674419068392353</cy>
    </calibration>
  </depth_map>
  <depth_map camera_id="85" level="0" path="0/d85.exr">
    <calibration type="frame">
      <resolution width="324" height="216"/>
      <f>348.9791000136799</f>
      <cx>-2.6989689256462839</cx>
      <cy>0.15674419068392353</cy>
    </calibration>
  </depth_map>
  <depth_map camera_id="86" level="0" path="0/d86.exr">
    <calibration type="frame">
      <resolution width="324" height="216"/>
      <f>348.9791000136799</f>
      <cx>-2.6989689256462839</cx>
      <cy>0.15674419068392353</cy>
    </calibration>
  </depth_map>
  <depth_map camera_id="87" level="0" path="0/d87.exr">
    <calibration type="frame">
      <resolution width="324" height="216"/>
      <f>348.9791000136799</f>
      <cx>-2.6989689256462839</cx>
      <cy>0.15674419068392353</cy>
    </calibration>
  </depth_map>
  <depth_map camera_id="88" level="0" path="0/d88.exr">
    <calibration type="frame">
      <resolution width="324" height="216"/>
      <f>348.9791000136799</f>
      <cx>-2.6989689256462839</cx>
      <cy>0.15674419068392353</cy>
    </calibration>
  </depth_map>
  <depth_map camera_id="89" level="0" path="0/d89.exr">
    <calibration type="frame">
      <resolution width="324" height="216"/>
      <f>348.9791000136799</f>
      <cx>-2.6989689256462839</cx>
      <cy>0.15674419068392353</cy>
    </calibration>
  </depth_map>
  <depth_map camera_id="89" level="1" path="1/d89.exr">
    <calibration type="frame">
      <resolution width="162" height="108"/>
      <f>174.48955000683995</f>
      <cx>-1.3494844628231419</cx>
      <cy>0.078372095341961767</cy>
    </calibration>
  </depth_map>
  <depth_map camera_id="90" level="0" path="0/d90.exr">
    <calibration type="frame">
      <resolution width="324" height="216"/>
      <f>348.9791000136799</f>
      <cx>-2.6989689256462839</cx>
      <cy>0.15674419068392353</cy>
    </calibration>
  </depth_map>
  <depth_map camera_id="90" level="1" path="1/d90.exr">
    <calibration type="frame">
      <resolution width="162" height="108"/>
      <f>174.48955000683995</f>
      <cx>-1.3494844628231419</cx>
      <cy>0.078372095341961767</cy>
    </calibration>
  </depth_map>
  <depth_map camera_id="91" level="0" path="0/d91.exr">
    <calibration type="frame">
      <resolution width="324" height="216"/>
      <f>348.9791000136799</f>
      <cx>-2.6989689256462839</cx>
      <cy>0.15674419068392353</cy>
    </calibration>
  </depth_map>
  <depth_map camera_id="91" level="1" path="1/d91.exr">
    <calibration type="frame">
      <resolution width="162" height="108"/>
      <f>174.48955000683995</f>
      <cx>-1.3494844628231419</cx>
      <cy>0.078372095341961767</cy>
    </calibration>
  </depth_map>
  <depth_map camera_id="92" level="0" path="0/d92.exr">
    <calibration type="frame">
      <resolution width="324" height="216"/>
      <f>348.9791000136799</f>
      <cx>-2.6989689256462839</cx>
      <cy>0.15674419068392353</cy>
    </calibration>
  </depth_map>
  <depth_map camera_id="92" level="1" path="1/d92.exr">
    <calibration type="frame">
      <resolution width="162" height="108"/>
      <f>174.48955000683995</f>
      <cx>-1.3494844628231419</cx>
      <cy>0.078372095341961767</cy>
    </calibration>
  </depth_map>
  <depth_map camera_id="93" level="0" path="0/d93.exr">
    <calibration type="frame">
      <resolution width="324" height="216"/>
      <f>348.9791000136799</f>
      <cx>-2.6989689256462839</cx>
      <cy>0.15674419068392353</cy>
    </calibration>
  </depth_map>
  <depth_map camera_id="93" level="1" path="1/d93.exr">
    <calibration type="frame">
      <resolution width="162" height="108"/>
      <f>174.48955000683995</f>
      <cx>-1.3494844628231419</cx>
      <cy>0.078372095341961767</cy>
    </calibration>
  </depth_map>
  <depth_map camera_id="125" level="0" path="0/d125.exr">
    <calibration type="frame">
      <resolution width="324" height="216"/>
      <f>348.9791000136799</f>
      <cx>-2.6989689256462839</cx>
      <cy>0.15674419068392353</cy>
    </calibration>
  </depth_map>
  <depth_map camera_id="126" level="0" path="0/d126.exr">
    <calibration type="frame">
      <resolution width="324" height="216"/>
      <f>348.9791000136799</f>
      <cx>-2.6989689256462839</cx>
      <cy>0.15674419068392353</cy>
    </calibration>
  </depth_map>
  <depth_map camera_id="127" level="0" path="0/d127.exr">
    <calibration type="frame">
      <resolution width="324" height="216"/>
      <f>348.9791000136799</f>
      <cx>-2.6989689256462839</cx>
      <cy>0.15674419068392353</cy>
    </calibration>
  </depth_map>
  <depth_map camera_id="128" level="0" path="0/d128.exr">
    <calibration type="frame">
      <resolution width="324" height="216"/>
      <f>348.9791000136799</f>
      <cx>-2.6989689256462839</cx>
      <cy>0.15674419068392353</cy>
    </calibration>
  </depth_map>
  <depth_map camera_id="128" level="1" path="1/d128.exr">
    <calibration type="frame">
      <resolution width="162" height="108"/>
      <f>174.48955000683995</f>
      <cx>-1.3494844628231419</cx>
      <cy>0.078372095341961767</cy>
    </calibration>
  </depth_map>
  <depth_map camera_id="129" level="0" path="0/d129.exr">
    <calibration type="frame">
      <resolution width="324" height="216"/>
      <f>348.9791000136799</f>
      <cx>-2.6989689256462839</cx>
      <cy>0.15674419068392353</cy>
    </calibration>
  </depth_map>
  <depth_map camera_id="129" level="1" path="1/d129.exr">
    <calibration type="frame">
      <resolution width="162" height="108"/>
      <f>174.48955000683995</f>
      <cx>-1.3494844628231419</cx>
      <cy>0.078372095341961767</cy>
    </calibration>
  </depth_map>
  <depth_map camera_id="130" level="0" path="0/d130.exr">
    <calibration type="frame">
      <resolution width="324" height="216"/>
      <f>348.9791000136799</f>
      <cx>-2.6989689256462839</cx>
      <cy>0.15674419068392353</cy>
    </calibration>
  </depth_map>
  <depth_map camera_id="130" level="1" path="1/d130.exr">
    <calibration type="frame">
      <resolution width="162" height="108"/>
      <f>174.48955000683995</f>
      <cx>-1.3494844628231419</cx>
      <cy>0.078372095341961767</cy>
    </calibration>
  </depth_map>
  <depth_map camera_id="131" level="0" path="0/d131.exr">
    <calibration type="frame">
      <resolution width="324" height="216"/>
      <f>348.9791000136799</f>
      <cx>-2.6989689256462839</cx>
      <cy>0.15674419068392353</cy>
    </calibration>
  </depth_map>
  <depth_map camera_id="131" level="1" path="1/d131.exr">
    <calibration type="frame">
      <resolution width="162" height="108"/>
      <f>174.48955000683995</f>
      <cx>-1.3494844628231419</cx>
      <cy>0.078372095341961767</cy>
    </calibration>
  </depth_map>
</depth_maps>
