<?xml version="1.0" encoding="UTF-8"?>
<depth_maps version="1.5.0">
  <depth_map camera_id="73" level="0" path="0/d73.exr">
    <calibration type="frame">
      <resolution width="324" height="216"/>
      <f>344.71090349146056</f>
      <cx>-0.50614643985161933</cx>
      <cy>1.2989538349576577</cy>
    </calibration>
  </depth_map>
  <depth_map camera_id="73" level="1" path="1/d73.exr">
    <calibration type="frame">
      <resolution width="162" height="108"/>
      <f>172.35545174573028</f>
      <cx>-0.25307321992580967</cx>
      <cy>0.64947691747882885</cy>
    </calibration>
  </depth_map>
  <depth_map camera_id="74" level="0" path="0/d74.exr">
    <calibration type="frame">
      <resolution width="324" height="216"/>
      <f>344.71090349146056</f>
      <cx>-0.50614643985161933</cx>
      <cy>1.2989538349576577</cy>
    </calibration>
  </depth_map>
  <depth_map camera_id="74" level="1" path="1/d74.exr">
    <calibration type="frame">
      <resolution width="162" height="108"/>
      <f>172.35545174573028</f>
      <cx>-0.25307321992580967</cx>
      <cy>0.64947691747882885</cy>
    </calibration>
  </depth_map>
  <depth_map camera_id="75" level="0" path="0/d75.exr">
    <calibration type="frame">
      <resolution width="324" height="216"/>
      <f>344.71090349146056</f>
      <cx>-0.50614643985161933</cx>
      <cy>1.2989538349576577</cy>
    </calibration>
  </depth_map>
  <depth_map camera_id="75" level="1" path="1/d75.exr">
    <calibration type="frame">
      <resolution width="162" height="108"/>
      <f>172.35545174573028</f>
      <cx>-0.25307321992580967</cx>
      <cy>0.64947691747882885</cy>
    </calibration>
  </depth_map>
  <depth_map camera_id="76" level="0" path="0/d76.exr">
    <calibration type="frame">
      <resolution width="324" height="216"/>
      <f>344.71090349146056</f>
      <cx>-0.50614643985161933</cx>
      <cy>1.2989538349576577</cy>
    </calibration>
  </depth_map>
  <depth_map camera_id="76" level="1" path="1/d76.exr">
    <calibration type="frame">
      <resolution width="162" height="108"/>
      <f>172.35545174573028</f>
      <cx>-0.25307321992580967</cx>
      <cy>0.64947691747882885</cy>
    </calibration>
  </depth_map>
  <depth_map camera_id="77" level="0" path="0/d77.exr">
    <calibration type="frame">
      <resolution width="324" height="216"/>
      <f>344.71090349146056</f>
      <cx>-0.50614643985161933</cx>
      <cy>1.2989538349576577</cy>
    </calibration>
  </depth_map>
  <depth_map camera_id="77" level="1" path="1/d77.exr">
    <calibration type="frame">
      <resolution width="162" height="108"/>
      <f>172.35545174573028</f>
      <cx>-0.25307321992580967</cx>
      <cy>0.64947691747882885</cy>
    </calibration>
  </depth_map>
  <depth_map camera_id="78" level="0" path="0/d78.exr">
    <calibration type="frame">
      <resolution width="324" height="216"/>
      <f>344.71090349146056</f>
      <cx>-0.50614643985161933</cx>
      <cy>1.2989538349576577</cy>
    </calibration>
  </depth_map>
  <depth_map camera_id="78" level="1" path="1/d78.exr">
    <calibration type="frame">
      <resolution width="162" height="108"/>
      <f>172.35545174573028</f>
      <cx>-0.25307321992580967</cx>
      <cy>0.64947691747882885</cy>
    </calibration>
  </depth_map>
  <depth_map camera_id="79" level="0" path="0/d79.exr">
    <calibration type="frame">
      <resolution width="324" height="216"/>
      <f>344.71090349146056</f>
      <cx>-0.50614643985161933</cx>
      <cy>1.2989538349576577</cy>
    </calibration>
  </depth_map>
  <depth_map camera_id="79" level="1" path="1/d79.exr">
    <calibration type="frame">
      <resolution width="162" height="108"/>
      <f>172.35545174573028</f>
      <cx>-0.25307321992580967</cx>
      <cy>0.64947691747882885</cy>
    </calibration>
  </depth_map>
  <depth_map camera_id="80" level="0" path="0/d80.exr">
    <calibration type="frame">
      <resolution width="324" height="216"/>
      <f>344.71090349146056</f>
      <cx>-0.50614643985161933</cx>
      <cy>1.2989538349576577</cy>
    </calibration>
  </depth_map>
  <depth_map camera_id="80" level="1" path="1/d80.exr">
    <calibration type="frame">
      <resolution width="162" height="108"/>
      <f>172.35545174573028</f>
      <cx>-0.25307321992580967</cx>
      <cy>0.64947691747882885</cy>
    </calibration>
  </depth_map>
  <depth_map camera_id="81" level="0" path="0/d81.exr">
    <calibration type="frame">
      <resolution width="324" height="216"/>
      <f>344.71090349146056</f>
      <cx>-0.50614643985161933</cx>
      <cy>1.2989538349576577</cy>
    </calibration>
  </depth_map>
  <depth_map camera_id="81" level="1" path="1/d81.exr">
    <calibration type="frame">
      <resolution width="162" height="108"/>
      <f>172.35545174573028</f>
      <cx>-0.25307321992580967</cx>
      <cy>0.64947691747882885</cy>
    </calibration>
  </depth_map>
  <depth_map camera_id="82" level="0" path="0/d82.exr">
    <calibration type="frame">
      <resolution width="324" height="216"/>
      <f>344.71090349146056</f>
      <cx>-0.50614643985161933</cx>
      <cy>1.2989538349576577</cy>
    </calibration>
  </depth_map>
  <depth_map camera_id="82" level="1" path="1/d82.exr">
    <calibration type="frame">
      <resolution width="162" height="108"/>
      <f>172.35545174573028</f>
      <cx>-0.25307321992580967</cx>
      <cy>0.64947691747882885</cy>
    </calibration>
  </depth_map>
  <depth_map camera_id="83" level="0" path="0/d83.exr">
    <calibration type="frame">
      <resolution width="324" height="216"/>
      <f>344.71090349146056</f>
      <cx>-0.50614643985161933</cx>
      <cy>1.2989538349576577</cy>
    </calibration>
  </depth_map>
  <depth_map camera_id="83" level="1" path="1/d83.exr">
    <calibration type="frame">
      <resolution width="162" height="108"/>
      <f>172.35545174573028</f>
      <cx>-0.25307321992580967</cx>
      <cy>0.64947691747882885</cy>
    </calibration>
  </depth_map>
  <depth_map camera_id="126" level="0" path="0/d126.exr">
    <calibration type="frame">
      <resolution width="324" height="216"/>
      <f>344.71090349146056</f>
      <cx>-0.50614643985161933</cx>
      <cy>1.2989538349576577</cy>
    </calibration>
  </depth_map>
  <depth_map camera_id="126" level="1" path="1/d126.exr">
    <calibration type="frame">
      <resolution width="162" height="108"/>
      <f>172.35545174573028</f>
      <cx>-0.25307321992580967</cx>
      <cy>0.64947691747882885</cy>
    </calibration>
  </depth_map>
  <depth_map camera_id="127" level="0" path="0/d127.exr">
    <calibration type="frame">
      <resolution width="324" height="216"/>
      <f>344.71090349146056</f>
      <cx>-0.50614643985161933</cx>
      <cy>1.2989538349576577</cy>
    </calibration>
  </depth_map>
  <depth_map camera_id="127" level="1" path="1/d127.exr">
    <calibration type="frame">
      <resolution width="162" height="108"/>
      <f>172.35545174573028</f>
      <cx>-0.25307321992580967</cx>
      <cy>0.64947691747882885</cy>
    </calibration>
  </depth_map>
  <depth_map camera_id="128" level="0" path="0/d128.exr">
    <calibration type="frame">
      <resolution width="324" height="216"/>
      <f>344.71090349146056</f>
      <cx>-0.50614643985161933</cx>
      <cy>1.2989538349576577</cy>
    </calibration>
  </depth_map>
  <depth_map camera_id="128" level="1" path="1/d128.exr">
    <calibration type="frame">
      <resolution width="162" height="108"/>
      <f>172.35545174573028</f>
      <cx>-0.25307321992580967</cx>
      <cy>0.64947691747882885</cy>
    </calibration>
  </depth_map>
  <depth_map camera_id="129" level="0" path="0/d129.exr">
    <calibration type="frame">
      <resolution width="324" height="216"/>
      <f>344.71090349146056</f>
      <cx>-0.50614643985161933</cx>
      <cy>1.2989538349576577</cy>
    </calibration>
  </depth_map>
  <depth_map camera_id="129" level="1" path="1/d129.exr">
    <calibration type="frame">
      <resolution width="162" height="108"/>
      <f>172.35545174573028</f>
      <cx>-0.25307321992580967</cx>
      <cy>0.64947691747882885</cy>
    </calibration>
  </depth_map>
  <depth_map camera_id="130" level="0" path="0/d130.exr">
    <calibration type="frame">
      <resolution width="324" height="216"/>
      <f>344.71090349146056</f>
      <cx>-0.50614643985161933</cx>
      <cy>1.2989538349576577</cy>
    </calibration>
  </depth_map>
  <depth_map camera_id="130" level="1" path="1/d130.exr">
    <calibration type="frame">
      <resolution width="162" height="108"/>
      <f>172.35545174573028</f>
      <cx>-0.25307321992580967</cx>
      <cy>0.64947691747882885</cy>
    </calibration>
  </depth_map>
  <depth_map camera_id="131" level="0" path="0/d131.exr">
    <calibration type="frame">
      <resolution width="324" height="216"/>
      <f>344.71090349146056</f>
      <cx>-0.50614643985161933</cx>
      <cy>1.2989538349576577</cy>
    </calibration>
  </depth_map>
  <depth_map camera_id="131" level="1" path="1/d131.exr">
    <calibration type="frame">
      <resolution width="162" height="108"/>
      <f>172.35545174573028</f>
      <cx>-0.25307321992580967</cx>
      <cy>0.64947691747882885</cy>
    </calibration>
  </depth_map>
  <depth_map camera_id="132" level="0" path="0/d132.exr">
    <calibration type="frame">
      <resolution width="324" height="216"/>
      <f>344.71090349146056</f>
      <cx>-0.50614643985161933</cx>
      <cy>1.2989538349576577</cy>
    </calibration>
  </depth_map>
  <depth_map camera_id="132" level="1" path="1/d132.exr">
    <calibration type="frame">
      <resolution width="162" height="108"/>
      <f>172.35545174573028</f>
      <cx>-0.25307321992580967</cx>
      <cy>0.64947691747882885</cy>
    </calibration>
  </depth_map>
</depth_maps>
