<?xml version="1.0" encoding="UTF-8"?>
<depth_maps version="1.5.0">
  <depth_map camera_id="30" level="0" path="0/d30.exr">
    <calibration type="frame">
      <resolution width="324" height="216"/>
      <f>348.9791000136799</f>
      <cx>-2.6989689256462839</cx>
      <cy>0.15674419068392353</cy>
    </calibration>
  </depth_map>
  <depth_map camera_id="30" level="1" path="1/d30.exr">
    <calibration type="frame">
      <resolution width="162" height="108"/>
      <f>174.48955000683995</f>
      <cx>-1.3494844628231419</cx>
      <cy>0.078372095341961767</cy>
    </calibration>
  </depth_map>
  <depth_map camera_id="31" level="0" path="0/d31.exr">
    <calibration type="frame">
      <resolution width="324" height="216"/>
      <f>348.9791000136799</f>
      <cx>-2.6989689256462839</cx>
      <cy>0.15674419068392353</cy>
    </calibration>
  </depth_map>
  <depth_map camera_id="31" level="1" path="1/d31.exr">
    <calibration type="frame">
      <resolution width="162" height="108"/>
      <f>174.48955000683995</f>
      <cx>-1.3494844628231419</cx>
      <cy>0.078372095341961767</cy>
    </calibration>
  </depth_map>
  <depth_map camera_id="32" level="0" path="0/d32.exr">
    <calibration type="frame">
      <resolution width="324" height="216"/>
      <f>348.9791000136799</f>
      <cx>-2.6989689256462839</cx>
      <cy>0.15674419068392353</cy>
    </calibration>
  </depth_map>
  <depth_map camera_id="32" level="1" path="1/d32.exr">
    <calibration type="frame">
      <resolution width="162" height="108"/>
      <f>174.48955000683995</f>
      <cx>-1.3494844628231419</cx>
      <cy>0.078372095341961767</cy>
    </calibration>
  </depth_map>
  <depth_map camera_id="33" level="0" path="0/d33.exr">
    <calibration type="frame">
      <resolution width="324" height="216"/>
      <f>348.9791000136799</f>
      <cx>-2.6989689256462839</cx>
      <cy>0.15674419068392353</cy>
    </calibration>
  </depth_map>
  <depth_map camera_id="33" level="1" path="1/d33.exr">
    <calibration type="frame">
      <resolution width="162" height="108"/>
      <f>174.48955000683995</f>
      <cx>-1.3494844628231419</cx>
      <cy>0.078372095341961767</cy>
    </calibration>
  </depth_map>
  <depth_map camera_id="34" level="0" path="0/d34.exr">
    <calibration type="frame">
      <resolution width="324" height="216"/>
      <f>348.9791000136799</f>
      <cx>-2.6989689256462839</cx>
      <cy>0.15674419068392353</cy>
    </calibration>
  </depth_map>
  <depth_map camera_id="34" level="1" path="1/d34.exr">
    <calibration type="frame">
      <resolution width="162" height="108"/>
      <f>174.48955000683995</f>
      <cx>-1.3494844628231419</cx>
      <cy>0.078372095341961767</cy>
    </calibration>
  </depth_map>
  <depth_map camera_id="35" level="0" path="0/d35.exr">
    <calibration type="frame">
      <resolution width="324" height="216"/>
      <f>348.9791000136799</f>
      <cx>-2.6989689256462839</cx>
      <cy>0.15674419068392353</cy>
    </calibration>
  </depth_map>
  <depth_map camera_id="35" level="1" path="1/d35.exr">
    <calibration type="frame">
      <resolution width="162" height="108"/>
      <f>174.48955000683995</f>
      <cx>-1.3494844628231419</cx>
      <cy>0.078372095341961767</cy>
    </calibration>
  </depth_map>
  <depth_map camera_id="36" level="0" path="0/d36.exr">
    <calibration type="frame">
      <resolution width="324" height="216"/>
      <f>348.9791000136799</f>
      <cx>-2.6989689256462839</cx>
      <cy>0.15674419068392353</cy>
    </calibration>
  </depth_map>
  <depth_map camera_id="37" level="0" path="0/d37.exr">
    <calibration type="frame">
      <resolution width="324" height="216"/>
      <f>348.9791000136799</f>
      <cx>-2.6989689256462839</cx>
      <cy>0.15674419068392353</cy>
    </calibration>
  </depth_map>
  <depth_map camera_id="37" level="1" path="1/d37.exr">
    <calibration type="frame">
      <resolution width="162" height="108"/>
      <f>174.48955000683995</f>
      <cx>-1.3494844628231419</cx>
      <cy>0.078372095341961767</cy>
    </calibration>
  </depth_map>
  <depth_map camera_id="38" level="0" path="0/d38.exr">
    <calibration type="frame">
      <resolution width="324" height="216"/>
      <f>348.9791000136799</f>
      <cx>-2.6989689256462839</cx>
      <cy>0.15674419068392353</cy>
    </calibration>
  </depth_map>
  <depth_map camera_id="39" level="0" path="0/d39.exr">
    <calibration type="frame">
      <resolution width="324" height="216"/>
      <f>348.9791000136799</f>
      <cx>-2.6989689256462839</cx>
      <cy>0.15674419068392353</cy>
    </calibration>
  </depth_map>
  <depth_map camera_id="98" level="0" path="0/d98.exr">
    <calibration type="frame">
      <resolution width="324" height="216"/>
      <f>348.9791000136799</f>
      <cx>-2.6989689256462839</cx>
      <cy>0.15674419068392353</cy>
    </calibration>
  </depth_map>
  <depth_map camera_id="99" level="0" path="0/d99.exr">
    <calibration type="frame">
      <resolution width="324" height="216"/>
      <f>348.9791000136799</f>
      <cx>-2.6989689256462839</cx>
      <cy>0.15674419068392353</cy>
    </calibration>
  </depth_map>
  <depth_map camera_id="100" level="0" path="0/d100.exr">
    <calibration type="frame">
      <resolution width="324" height="216"/>
      <f>348.9791000136799</f>
      <cx>-2.6989689256462839</cx>
      <cy>0.15674419068392353</cy>
    </calibration>
  </depth_map>
  <depth_map camera_id="101" level="0" path="0/d101.exr">
    <calibration type="frame">
      <resolution width="324" height="216"/>
      <f>348.9791000136799</f>
      <cx>-2.6989689256462839</cx>
      <cy>0.15674419068392353</cy>
    </calibration>
  </depth_map>
  <depth_map camera_id="102" level="0" path="0/d102.exr">
    <calibration type="frame">
      <resolution width="324" height="216"/>
      <f>348.9791000136799</f>
      <cx>-2.6989689256462839</cx>
      <cy>0.15674419068392353</cy>
    </calibration>
  </depth_map>
  <depth_map camera_id="103" level="0" path="0/d103.exr">
    <calibration type="frame">
      <resolution width="324" height="216"/>
      <f>348.9791000136799</f>
      <cx>-2.6989689256462839</cx>
      <cy>0.15674419068392353</cy>
    </calibration>
  </depth_map>
  <depth_map camera_id="104" level="0" path="0/d104.exr">
    <calibration type="frame">
      <resolution width="324" height="216"/>
      <f>348.9791000136799</f>
      <cx>-2.6989689256462839</cx>
      <cy>0.15674419068392353</cy>
    </calibration>
  </depth_map>
  <depth_map camera_id="105" level="0" path="0/d105.exr">
    <calibration type="frame">
      <resolution width="324" height="216"/>
      <f>348.9791000136799</f>
      <cx>-2.6989689256462839</cx>
      <cy>0.15674419068392353</cy>
    </calibration>
  </depth_map>
  <depth_map camera_id="106" level="0" path="0/d106.exr">
    <calibration type="frame">
      <resolution width="324" height="216"/>
      <f>348.9791000136799</f>
      <cx>-2.6989689256462839</cx>
      <cy>0.15674419068392353</cy>
    </calibration>
  </depth_map>
</depth_maps>
