<?xml version="1.0" encoding="UTF-8"?>
<depth_maps version="1.5.0">
  <depth_map camera_id="54" level="0" path="0/d54.exr">
    <calibration type="frame">
      <resolution width="324" height="216"/>
      <f>348.9791000136799</f>
      <cx>-2.6989689256462839</cx>
      <cy>0.15674419068392353</cy>
    </calibration>
  </depth_map>
  <depth_map camera_id="55" level="0" path="0/d55.exr">
    <calibration type="frame">
      <resolution width="324" height="216"/>
      <f>348.9791000136799</f>
      <cx>-2.6989689256462839</cx>
      <cy>0.15674419068392353</cy>
    </calibration>
  </depth_map>
  <depth_map camera_id="56" level="0" path="0/d56.exr">
    <calibration type="frame">
      <resolution width="324" height="216"/>
      <f>348.9791000136799</f>
      <cx>-2.6989689256462839</cx>
      <cy>0.15674419068392353</cy>
    </calibration>
  </depth_map>
  <depth_map camera_id="57" level="0" path="0/d57.exr">
    <calibration type="frame">
      <resolution width="324" height="216"/>
      <f>348.9791000136799</f>
      <cx>-2.6989689256462839</cx>
      <cy>0.15674419068392353</cy>
    </calibration>
  </depth_map>
  <depth_map camera_id="58" level="0" path="0/d58.exr">
    <calibration type="frame">
      <resolution width="324" height="216"/>
      <f>348.9791000136799</f>
      <cx>-2.6989689256462839</cx>
      <cy>0.15674419068392353</cy>
    </calibration>
  </depth_map>
  <depth_map camera_id="59" level="0" path="0/d59.exr">
    <calibration type="frame">
      <resolution width="324" height="216"/>
      <f>348.9791000136799</f>
      <cx>-2.6989689256462839</cx>
      <cy>0.15674419068392353</cy>
    </calibration>
  </depth_map>
  <depth_map camera_id="60" level="0" path="0/d60.exr">
    <calibration type="frame">
      <resolution width="324" height="216"/>
      <f>348.9791000136799</f>
      <cx>-2.6989689256462839</cx>
      <cy>0.15674419068392353</cy>
    </calibration>
  </depth_map>
  <depth_map camera_id="60" level="1" path="1/d60.exr">
    <calibration type="frame">
      <resolution width="162" height="108"/>
      <f>174.48955000683995</f>
      <cx>-1.3494844628231419</cx>
      <cy>0.078372095341961767</cy>
    </calibration>
  </depth_map>
  <depth_map camera_id="61" level="0" path="0/d61.exr">
    <calibration type="frame">
      <resolution width="324" height="216"/>
      <f>348.9791000136799</f>
      <cx>-2.6989689256462839</cx>
      <cy>0.15674419068392353</cy>
    </calibration>
  </depth_map>
  <depth_map camera_id="61" level="1" path="1/d61.exr">
    <calibration type="frame">
      <resolution width="162" height="108"/>
      <f>174.48955000683995</f>
      <cx>-1.3494844628231419</cx>
      <cy>0.078372095341961767</cy>
    </calibration>
  </depth_map>
  <depth_map camera_id="62" level="0" path="0/d62.exr">
    <calibration type="frame">
      <resolution width="324" height="216"/>
      <f>348.9791000136799</f>
      <cx>-2.6989689256462839</cx>
      <cy>0.15674419068392353</cy>
    </calibration>
  </depth_map>
  <depth_map camera_id="62" level="1" path="1/d62.exr">
    <calibration type="frame">
      <resolution width="162" height="108"/>
      <f>174.48955000683995</f>
      <cx>-1.3494844628231419</cx>
      <cy>0.078372095341961767</cy>
    </calibration>
  </depth_map>
  <depth_map camera_id="63" level="0" path="0/d63.exr">
    <calibration type="frame">
      <resolution width="324" height="216"/>
      <f>348.9791000136799</f>
      <cx>-2.6989689256462839</cx>
      <cy>0.15674419068392353</cy>
    </calibration>
  </depth_map>
  <depth_map camera_id="63" level="1" path="1/d63.exr">
    <calibration type="frame">
      <resolution width="162" height="108"/>
      <f>174.48955000683995</f>
      <cx>-1.3494844628231419</cx>
      <cy>0.078372095341961767</cy>
    </calibration>
  </depth_map>
  <depth_map camera_id="64" level="0" path="0/d64.exr">
    <calibration type="frame">
      <resolution width="324" height="216"/>
      <f>348.9791000136799</f>
      <cx>-2.6989689256462839</cx>
      <cy>0.15674419068392353</cy>
    </calibration>
  </depth_map>
  <depth_map camera_id="64" level="1" path="1/d64.exr">
    <calibration type="frame">
      <resolution width="162" height="108"/>
      <f>174.48955000683995</f>
      <cx>-1.3494844628231419</cx>
      <cy>0.078372095341961767</cy>
    </calibration>
  </depth_map>
  <depth_map camera_id="144" level="0" path="0/d144.exr">
    <calibration type="frame">
      <resolution width="324" height="216"/>
      <f>348.9791000136799</f>
      <cx>-2.6989689256462839</cx>
      <cy>0.15674419068392353</cy>
    </calibration>
  </depth_map>
  <depth_map camera_id="144" level="1" path="1/d144.exr">
    <calibration type="frame">
      <resolution width="162" height="108"/>
      <f>174.48955000683995</f>
      <cx>-1.3494844628231419</cx>
      <cy>0.078372095341961767</cy>
    </calibration>
  </depth_map>
  <depth_map camera_id="145" level="0" path="0/d145.exr">
    <calibration type="frame">
      <resolution width="324" height="216"/>
      <f>348.9791000136799</f>
      <cx>-2.6989689256462839</cx>
      <cy>0.15674419068392353</cy>
    </calibration>
  </depth_map>
  <depth_map camera_id="145" level="1" path="1/d145.exr">
    <calibration type="frame">
      <resolution width="162" height="108"/>
      <f>174.48955000683995</f>
      <cx>-1.3494844628231419</cx>
      <cy>0.078372095341961767</cy>
    </calibration>
  </depth_map>
  <depth_map camera_id="146" level="0" path="0/d146.exr">
    <calibration type="frame">
      <resolution width="324" height="216"/>
      <f>348.9791000136799</f>
      <cx>-2.6989689256462839</cx>
      <cy>0.15674419068392353</cy>
    </calibration>
  </depth_map>
  <depth_map camera_id="147" level="0" path="0/d147.exr">
    <calibration type="frame">
      <resolution width="324" height="216"/>
      <f>348.9791000136799</f>
      <cx>-2.6989689256462839</cx>
      <cy>0.15674419068392353</cy>
    </calibration>
  </depth_map>
  <depth_map camera_id="148" level="0" path="0/d148.exr">
    <calibration type="frame">
      <resolution width="324" height="216"/>
      <f>348.9791000136799</f>
      <cx>-2.6989689256462839</cx>
      <cy>0.15674419068392353</cy>
    </calibration>
  </depth_map>
  <depth_map camera_id="148" level="1" path="1/d148.exr">
    <calibration type="frame">
      <resolution width="162" height="108"/>
      <f>174.48955000683995</f>
      <cx>-1.3494844628231419</cx>
      <cy>0.078372095341961767</cy>
    </calibration>
  </depth_map>
  <depth_map camera_id="149" level="0" path="0/d149.exr">
    <calibration type="frame">
      <resolution width="324" height="216"/>
      <f>348.9791000136799</f>
      <cx>-2.6989689256462839</cx>
      <cy>0.15674419068392353</cy>
    </calibration>
  </depth_map>
  <depth_map camera_id="149" level="1" path="1/d149.exr">
    <calibration type="frame">
      <resolution width="162" height="108"/>
      <f>174.48955000683995</f>
      <cx>-1.3494844628231419</cx>
      <cy>0.078372095341961767</cy>
    </calibration>
  </depth_map>
  <depth_map camera_id="156" level="0" path="0/d156.exr">
    <calibration type="frame">
      <resolution width="324" height="216"/>
      <f>348.9791000136799</f>
      <cx>-2.6989689256462839</cx>
      <cy>0.15674419068392353</cy>
    </calibration>
  </depth_map>
</depth_maps>
