<?xml version="1.0" encoding="UTF-8"?>
<depth_maps version="1.5.0">
  <depth_map camera_id="40" level="0" path="0/d40.exr">
    <calibration type="frame">
      <resolution width="324" height="216"/>
      <f>348.9791000136799</f>
      <cx>-2.6989689256462839</cx>
      <cy>0.15674419068392353</cy>
    </calibration>
  </depth_map>
  <depth_map camera_id="41" level="0" path="0/d41.exr">
    <calibration type="frame">
      <resolution width="324" height="216"/>
      <f>348.9791000136799</f>
      <cx>-2.6989689256462839</cx>
      <cy>0.15674419068392353</cy>
    </calibration>
  </depth_map>
  <depth_map camera_id="42" level="0" path="0/d42.exr">
    <calibration type="frame">
      <resolution width="324" height="216"/>
      <f>348.9791000136799</f>
      <cx>-2.6989689256462839</cx>
      <cy>0.15674419068392353</cy>
    </calibration>
  </depth_map>
  <depth_map camera_id="43" level="0" path="0/d43.exr">
    <calibration type="frame">
      <resolution width="324" height="216"/>
      <f>348.9791000136799</f>
      <cx>-2.6989689256462839</cx>
      <cy>0.15674419068392353</cy>
    </calibration>
  </depth_map>
  <depth_map camera_id="44" level="0" path="0/d44.exr">
    <calibration type="frame">
      <resolution width="324" height="216"/>
      <f>348.9791000136799</f>
      <cx>-2.6989689256462839</cx>
      <cy>0.15674419068392353</cy>
    </calibration>
  </depth_map>
  <depth_map camera_id="45" level="0" path="0/d45.exr">
    <calibration type="frame">
      <resolution width="324" height="216"/>
      <f>348.9791000136799</f>
      <cx>-2.6989689256462839</cx>
      <cy>0.15674419068392353</cy>
    </calibration>
  </depth_map>
  <depth_map camera_id="46" level="0" path="0/d46.exr">
    <calibration type="frame">
      <resolution width="324" height="216"/>
      <f>348.9791000136799</f>
      <cx>-2.6989689256462839</cx>
      <cy>0.15674419068392353</cy>
    </calibration>
  </depth_map>
  <depth_map camera_id="47" level="0" path="0/d47.exr">
    <calibration type="frame">
      <resolution width="324" height="216"/>
      <f>348.9791000136799</f>
      <cx>-2.6989689256462839</cx>
      <cy>0.15674419068392353</cy>
    </calibration>
  </depth_map>
  <depth_map camera_id="48" level="0" path="0/d48.exr">
    <calibration type="frame">
      <resolution width="324" height="216"/>
      <f>348.9791000136799</f>
      <cx>-2.6989689256462839</cx>
      <cy>0.15674419068392353</cy>
    </calibration>
  </depth_map>
  <depth_map camera_id="49" level="0" path="0/d49.exr">
    <calibration type="frame">
      <resolution width="324" height="216"/>
      <f>348.9791000136799</f>
      <cx>-2.6989689256462839</cx>
      <cy>0.15674419068392353</cy>
    </calibration>
  </depth_map>
  <depth_map camera_id="50" level="0" path="0/d50.exr">
    <calibration type="frame">
      <resolution width="324" height="216"/>
      <f>348.9791000136799</f>
      <cx>-2.6989689256462839</cx>
      <cy>0.15674419068392353</cy>
    </calibration>
  </depth_map>
  <depth_map camera_id="51" level="0" path="0/d51.exr">
    <calibration type="frame">
      <resolution width="324" height="216"/>
      <f>348.9791000136799</f>
      <cx>-2.6989689256462839</cx>
      <cy>0.15674419068392353</cy>
    </calibration>
  </depth_map>
  <depth_map camera_id="52" level="0" path="0/d52.exr">
    <calibration type="frame">
      <resolution width="324" height="216"/>
      <f>348.9791000136799</f>
      <cx>-2.6989689256462839</cx>
      <cy>0.15674419068392353</cy>
    </calibration>
  </depth_map>
  <depth_map camera_id="52" level="1" path="1/d52.exr">
    <calibration type="frame">
      <resolution width="162" height="108"/>
      <f>174.48955000683995</f>
      <cx>-1.3494844628231419</cx>
      <cy>0.078372095341961767</cy>
    </calibration>
  </depth_map>
  <depth_map camera_id="53" level="0" path="0/d53.exr">
    <calibration type="frame">
      <resolution width="324" height="216"/>
      <f>348.9791000136799</f>
      <cx>-2.6989689256462839</cx>
      <cy>0.15674419068392353</cy>
    </calibration>
  </depth_map>
  <depth_map camera_id="53" level="1" path="1/d53.exr">
    <calibration type="frame">
      <resolution width="162" height="108"/>
      <f>174.48955000683995</f>
      <cx>-1.3494844628231419</cx>
      <cy>0.078372095341961767</cy>
    </calibration>
  </depth_map>
  <depth_map camera_id="94" level="0" path="0/d94.exr">
    <calibration type="frame">
      <resolution width="324" height="216"/>
      <f>348.9791000136799</f>
      <cx>-2.6989689256462839</cx>
      <cy>0.15674419068392353</cy>
    </calibration>
  </depth_map>
  <depth_map camera_id="95" level="0" path="0/d95.exr">
    <calibration type="frame">
      <resolution width="324" height="216"/>
      <f>348.9791000136799</f>
      <cx>-2.6989689256462839</cx>
      <cy>0.15674419068392353</cy>
    </calibration>
  </depth_map>
  <depth_map camera_id="96" level="0" path="0/d96.exr">
    <calibration type="frame">
      <resolution width="324" height="216"/>
      <f>348.9791000136799</f>
      <cx>-2.6989689256462839</cx>
      <cy>0.15674419068392353</cy>
    </calibration>
  </depth_map>
  <depth_map camera_id="97" level="0" path="0/d97.exr">
    <calibration type="frame">
      <resolution width="324" height="216"/>
      <f>348.9791000136799</f>
      <cx>-2.6989689256462839</cx>
      <cy>0.15674419068392353</cy>
    </calibration>
  </depth_map>
</depth_maps>
