<?xml version="1.0" encoding="UTF-8"?>
<depth_maps version="1.5.0">
  <depth_map camera_id="10" level="0" path="0/d10.exr">
    <calibration type="frame">
      <resolution width="324" height="216"/>
      <f>344.71090349146056</f>
      <cx>-0.50614643985161933</cx>
      <cy>1.2989538349576577</cy>
    </calibration>
  </depth_map>
  <depth_map camera_id="10" level="1" path="1/d10.exr">
    <calibration type="frame">
      <resolution width="162" height="108"/>
      <f>172.35545174573028</f>
      <cx>-0.25307321992580967</cx>
      <cy>0.64947691747882885</cy>
    </calibration>
  </depth_map>
  <depth_map camera_id="11" level="0" path="0/d11.exr">
    <calibration type="frame">
      <resolution width="324" height="216"/>
      <f>344.71090349146056</f>
      <cx>-0.50614643985161933</cx>
      <cy>1.2989538349576577</cy>
    </calibration>
  </depth_map>
  <depth_map camera_id="11" level="1" path="1/d11.exr">
    <calibration type="frame">
      <resolution width="162" height="108"/>
      <f>172.35545174573028</f>
      <cx>-0.25307321992580967</cx>
      <cy>0.64947691747882885</cy>
    </calibration>
  </depth_map>
  <depth_map camera_id="12" level="0" path="0/d12.exr">
    <calibration type="frame">
      <resolution width="324" height="216"/>
      <f>344.71090349146056</f>
      <cx>-0.50614643985161933</cx>
      <cy>1.2989538349576577</cy>
    </calibration>
  </depth_map>
  <depth_map camera_id="13" level="0" path="0/d13.exr">
    <calibration type="frame">
      <resolution width="324" height="216"/>
      <f>344.71090349146056</f>
      <cx>-0.50614643985161933</cx>
      <cy>1.2989538349576577</cy>
    </calibration>
  </depth_map>
  <depth_map camera_id="13" level="1" path="1/d13.exr">
    <calibration type="frame">
      <resolution width="162" height="108"/>
      <f>172.35545174573028</f>
      <cx>-0.25307321992580967</cx>
      <cy>0.64947691747882885</cy>
    </calibration>
  </depth_map>
  <depth_map camera_id="14" level="0" path="0/d14.exr">
    <calibration type="frame">
      <resolution width="324" height="216"/>
      <f>344.71090349146056</f>
      <cx>-0.50614643985161933</cx>
      <cy>1.2989538349576577</cy>
    </calibration>
  </depth_map>
  <depth_map camera_id="14" level="1" path="1/d14.exr">
    <calibration type="frame">
      <resolution width="162" height="108"/>
      <f>172.35545174573028</f>
      <cx>-0.25307321992580967</cx>
      <cy>0.64947691747882885</cy>
    </calibration>
  </depth_map>
  <depth_map camera_id="15" level="0" path="0/d15.exr">
    <calibration type="frame">
      <resolution width="324" height="216"/>
      <f>344.71090349146056</f>
      <cx>-0.50614643985161933</cx>
      <cy>1.2989538349576577</cy>
    </calibration>
  </depth_map>
  <depth_map camera_id="15" level="1" path="1/d15.exr">
    <calibration type="frame">
      <resolution width="162" height="108"/>
      <f>172.35545174573028</f>
      <cx>-0.25307321992580967</cx>
      <cy>0.64947691747882885</cy>
    </calibration>
  </depth_map>
  <depth_map camera_id="16" level="0" path="0/d16.exr">
    <calibration type="frame">
      <resolution width="324" height="216"/>
      <f>344.71090349146056</f>
      <cx>-0.50614643985161933</cx>
      <cy>1.2989538349576577</cy>
    </calibration>
  </depth_map>
  <depth_map camera_id="16" level="1" path="1/d16.exr">
    <calibration type="frame">
      <resolution width="162" height="108"/>
      <f>172.35545174573028</f>
      <cx>-0.25307321992580967</cx>
      <cy>0.64947691747882885</cy>
    </calibration>
  </depth_map>
  <depth_map camera_id="17" level="0" path="0/d17.exr">
    <calibration type="frame">
      <resolution width="324" height="216"/>
      <f>344.71090349146056</f>
      <cx>-0.50614643985161933</cx>
      <cy>1.2989538349576577</cy>
    </calibration>
  </depth_map>
  <depth_map camera_id="17" level="1" path="1/d17.exr">
    <calibration type="frame">
      <resolution width="162" height="108"/>
      <f>172.35545174573028</f>
      <cx>-0.25307321992580967</cx>
      <cy>0.64947691747882885</cy>
    </calibration>
  </depth_map>
  <depth_map camera_id="18" level="0" path="0/d18.exr">
    <calibration type="frame">
      <resolution width="324" height="216"/>
      <f>344.71090349146056</f>
      <cx>-0.50614643985161933</cx>
      <cy>1.2989538349576577</cy>
    </calibration>
  </depth_map>
  <depth_map camera_id="18" level="1" path="1/d18.exr">
    <calibration type="frame">
      <resolution width="162" height="108"/>
      <f>172.35545174573028</f>
      <cx>-0.25307321992580967</cx>
      <cy>0.64947691747882885</cy>
    </calibration>
  </depth_map>
  <depth_map camera_id="19" level="0" path="0/d19.exr">
    <calibration type="frame">
      <resolution width="324" height="216"/>
      <f>344.71090349146056</f>
      <cx>-0.50614643985161933</cx>
      <cy>1.2989538349576577</cy>
    </calibration>
  </depth_map>
  <depth_map camera_id="19" level="1" path="1/d19.exr">
    <calibration type="frame">
      <resolution width="162" height="108"/>
      <f>172.35545174573028</f>
      <cx>-0.25307321992580967</cx>
      <cy>0.64947691747882885</cy>
    </calibration>
  </depth_map>
  <depth_map camera_id="113" level="0" path="0/d113.exr">
    <calibration type="frame">
      <resolution width="324" height="216"/>
      <f>344.71090349146056</f>
      <cx>-0.50614643985161933</cx>
      <cy>1.2989538349576577</cy>
    </calibration>
  </depth_map>
  <depth_map camera_id="113" level="1" path="1/d113.exr">
    <calibration type="frame">
      <resolution width="162" height="108"/>
      <f>172.35545174573028</f>
      <cx>-0.25307321992580967</cx>
      <cy>0.64947691747882885</cy>
    </calibration>
  </depth_map>
  <depth_map camera_id="114" level="0" path="0/d114.exr">
    <calibration type="frame">
      <resolution width="324" height="216"/>
      <f>344.71090349146056</f>
      <cx>-0.50614643985161933</cx>
      <cy>1.2989538349576577</cy>
    </calibration>
  </depth_map>
  <depth_map camera_id="114" level="1" path="1/d114.exr">
    <calibration type="frame">
      <resolution width="162" height="108"/>
      <f>172.35545174573028</f>
      <cx>-0.25307321992580967</cx>
      <cy>0.64947691747882885</cy>
    </calibration>
  </depth_map>
  <depth_map camera_id="115" level="0" path="0/d115.exr">
    <calibration type="frame">
      <resolution width="324" height="216"/>
      <f>344.71090349146056</f>
      <cx>-0.50614643985161933</cx>
      <cy>1.2989538349576577</cy>
    </calibration>
  </depth_map>
  <depth_map camera_id="115" level="1" path="1/d115.exr">
    <calibration type="frame">
      <resolution width="162" height="108"/>
      <f>172.35545174573028</f>
      <cx>-0.25307321992580967</cx>
      <cy>0.64947691747882885</cy>
    </calibration>
  </depth_map>
  <depth_map camera_id="116" level="0" path="0/d116.exr">
    <calibration type="frame">
      <resolution width="324" height="216"/>
      <f>344.71090349146056</f>
      <cx>-0.50614643985161933</cx>
      <cy>1.2989538349576577</cy>
    </calibration>
  </depth_map>
  <depth_map camera_id="117" level="0" path="0/d117.exr">
    <calibration type="frame">
      <resolution width="324" height="216"/>
      <f>344.71090349146056</f>
      <cx>-0.50614643985161933</cx>
      <cy>1.2989538349576577</cy>
    </calibration>
  </depth_map>
  <depth_map camera_id="118" level="0" path="0/d118.exr">
    <calibration type="frame">
      <resolution width="324" height="216"/>
      <f>344.71090349146056</f>
      <cx>-0.50614643985161933</cx>
      <cy>1.2989538349576577</cy>
    </calibration>
  </depth_map>
  <depth_map camera_id="120" level="0" path="0/d120.exr">
    <calibration type="frame">
      <resolution width="324" height="216"/>
      <f>344.71090349146056</f>
      <cx>-0.50614643985161933</cx>
      <cy>1.2989538349576577</cy>
    </calibration>
  </depth_map>
  <depth_map camera_id="121" level="0" path="0/d121.exr">
    <calibration type="frame">
      <resolution width="324" height="216"/>
      <f>344.71090349146056</f>
      <cx>-0.50614643985161933</cx>
      <cy>1.2989538349576577</cy>
    </calibration>
  </depth_map>
</depth_maps>
