<?xml version="1.0" encoding="UTF-8"?>
<depth_maps version="1.5.0">
  <depth_map camera_id="12" level="0" path="0/d12.exr">
    <calibration type="frame">
      <resolution width="324" height="216"/>
      <f>348.97905048155832</f>
      <cx>-2.6989162037340009</cx>
      <cy>0.15675063535825018</cy>
    </calibration>
  </depth_map>
  <depth_map camera_id="12" level="1" path="1/d12.exr">
    <calibration type="frame">
      <resolution width="162" height="108"/>
      <f>174.48952524077916</f>
      <cx>-1.3494581018670004</cx>
      <cy>0.078375317679125089</cy>
    </calibration>
  </depth_map>
  <depth_map camera_id="13" level="0" path="0/d13.exr">
    <calibration type="frame">
      <resolution width="324" height="216"/>
      <f>348.97905048155832</f>
      <cx>-2.6989162037340009</cx>
      <cy>0.15675063535825018</cy>
    </calibration>
  </depth_map>
  <depth_map camera_id="13" level="1" path="1/d13.exr">
    <calibration type="frame">
      <resolution width="162" height="108"/>
      <f>174.48952524077916</f>
      <cx>-1.3494581018670004</cx>
      <cy>0.078375317679125089</cy>
    </calibration>
  </depth_map>
  <depth_map camera_id="14" level="0" path="0/d14.exr">
    <calibration type="frame">
      <resolution width="324" height="216"/>
      <f>348.97905048155832</f>
      <cx>-2.6989162037340009</cx>
      <cy>0.15675063535825018</cy>
    </calibration>
  </depth_map>
  <depth_map camera_id="14" level="1" path="1/d14.exr">
    <calibration type="frame">
      <resolution width="162" height="108"/>
      <f>174.48952524077916</f>
      <cx>-1.3494581018670004</cx>
      <cy>0.078375317679125089</cy>
    </calibration>
  </depth_map>
  <depth_map camera_id="15" level="0" path="0/d15.exr">
    <calibration type="frame">
      <resolution width="324" height="216"/>
      <f>348.97905048155832</f>
      <cx>-2.6989162037340009</cx>
      <cy>0.15675063535825018</cy>
    </calibration>
  </depth_map>
  <depth_map camera_id="15" level="1" path="1/d15.exr">
    <calibration type="frame">
      <resolution width="162" height="108"/>
      <f>174.48952524077916</f>
      <cx>-1.3494581018670004</cx>
      <cy>0.078375317679125089</cy>
    </calibration>
  </depth_map>
  <depth_map camera_id="16" level="0" path="0/d16.exr">
    <calibration type="frame">
      <resolution width="324" height="216"/>
      <f>348.97905048155832</f>
      <cx>-2.6989162037340009</cx>
      <cy>0.15675063535825018</cy>
    </calibration>
  </depth_map>
  <depth_map camera_id="17" level="0" path="0/d17.exr">
    <calibration type="frame">
      <resolution width="324" height="216"/>
      <f>348.97905048155832</f>
      <cx>-2.6989162037340009</cx>
      <cy>0.15675063535825018</cy>
    </calibration>
  </depth_map>
  <depth_map camera_id="18" level="0" path="0/d18.exr">
    <calibration type="frame">
      <resolution width="324" height="216"/>
      <f>348.97905048155832</f>
      <cx>-2.6989162037340009</cx>
      <cy>0.15675063535825018</cy>
    </calibration>
  </depth_map>
  <depth_map camera_id="19" level="0" path="0/d19.exr">
    <calibration type="frame">
      <resolution width="324" height="216"/>
      <f>348.97905048155832</f>
      <cx>-2.6989162037340009</cx>
      <cy>0.15675063535825018</cy>
    </calibration>
  </depth_map>
  <depth_map camera_id="19" level="1" path="1/d19.exr">
    <calibration type="frame">
      <resolution width="162" height="108"/>
      <f>174.48952524077916</f>
      <cx>-1.3494581018670004</cx>
      <cy>0.078375317679125089</cy>
    </calibration>
  </depth_map>
  <depth_map camera_id="20" level="0" path="0/d20.exr">
    <calibration type="frame">
      <resolution width="324" height="216"/>
      <f>348.97905048155832</f>
      <cx>-2.6989162037340009</cx>
      <cy>0.15675063535825018</cy>
    </calibration>
  </depth_map>
  <depth_map camera_id="20" level="1" path="1/d20.exr">
    <calibration type="frame">
      <resolution width="162" height="108"/>
      <f>174.48952524077916</f>
      <cx>-1.3494581018670004</cx>
      <cy>0.078375317679125089</cy>
    </calibration>
  </depth_map>
  <depth_map camera_id="21" level="0" path="0/d21.exr">
    <calibration type="frame">
      <resolution width="324" height="216"/>
      <f>348.97905048155832</f>
      <cx>-2.6989162037340009</cx>
      <cy>0.15675063535825018</cy>
    </calibration>
  </depth_map>
  <depth_map camera_id="21" level="1" path="1/d21.exr">
    <calibration type="frame">
      <resolution width="162" height="108"/>
      <f>174.48952524077916</f>
      <cx>-1.3494581018670004</cx>
      <cy>0.078375317679125089</cy>
    </calibration>
  </depth_map>
  <depth_map camera_id="107" level="0" path="0/d107.exr">
    <calibration type="frame">
      <resolution width="324" height="216"/>
      <f>348.97905048155832</f>
      <cx>-2.6989162037340009</cx>
      <cy>0.15675063535825018</cy>
    </calibration>
  </depth_map>
  <depth_map camera_id="108" level="0" path="0/d108.exr">
    <calibration type="frame">
      <resolution width="324" height="216"/>
      <f>348.97905048155832</f>
      <cx>-2.6989162037340009</cx>
      <cy>0.15675063535825018</cy>
    </calibration>
  </depth_map>
  <depth_map camera_id="109" level="0" path="0/d109.exr">
    <calibration type="frame">
      <resolution width="324" height="216"/>
      <f>348.97905048155832</f>
      <cx>-2.6989162037340009</cx>
      <cy>0.15675063535825018</cy>
    </calibration>
  </depth_map>
  <depth_map camera_id="110" level="0" path="0/d110.exr">
    <calibration type="frame">
      <resolution width="324" height="216"/>
      <f>348.97905048155832</f>
      <cx>-2.6989162037340009</cx>
      <cy>0.15675063535825018</cy>
    </calibration>
  </depth_map>
  <depth_map camera_id="111" level="0" path="0/d111.exr">
    <calibration type="frame">
      <resolution width="324" height="216"/>
      <f>348.97905048155832</f>
      <cx>-2.6989162037340009</cx>
      <cy>0.15675063535825018</cy>
    </calibration>
  </depth_map>
  <depth_map camera_id="112" level="0" path="0/d112.exr">
    <calibration type="frame">
      <resolution width="324" height="216"/>
      <f>348.97905048155832</f>
      <cx>-2.6989162037340009</cx>
      <cy>0.15675063535825018</cy>
    </calibration>
  </depth_map>
  <depth_map camera_id="113" level="0" path="0/d113.exr">
    <calibration type="frame">
      <resolution width="324" height="216"/>
      <f>348.97905048155832</f>
      <cx>-2.6989162037340009</cx>
      <cy>0.15675063535825018</cy>
    </calibration>
  </depth_map>
  <depth_map camera_id="114" level="0" path="0/d114.exr">
    <calibration type="frame">
      <resolution width="324" height="216"/>
      <f>348.97905048155832</f>
      <cx>-2.6989162037340009</cx>
      <cy>0.15675063535825018</cy>
    </calibration>
  </depth_map>
  <depth_map camera_id="114" level="1" path="1/d114.exr">
    <calibration type="frame">
      <resolution width="162" height="108"/>
      <f>174.48952524077916</f>
      <cx>-1.3494581018670004</cx>
      <cy>0.078375317679125089</cy>
    </calibration>
  </depth_map>
  <depth_map camera_id="115" level="0" path="0/d115.exr">
    <calibration type="frame">
      <resolution width="324" height="216"/>
      <f>348.97905048155832</f>
      <cx>-2.6989162037340009</cx>
      <cy>0.15675063535825018</cy>
    </calibration>
  </depth_map>
  <depth_map camera_id="115" level="1" path="1/d115.exr">
    <calibration type="frame">
      <resolution width="162" height="108"/>
      <f>174.48952524077916</f>
      <cx>-1.3494581018670004</cx>
      <cy>0.078375317679125089</cy>
    </calibration>
  </depth_map>
</depth_maps>
