<?xml version="1.0" encoding="UTF-8"?>
<depth_maps version="1.5.0">
  <depth_map camera_id="32" level="0" path="0/d32.exr">
    <calibration type="frame">
      <resolution width="324" height="216"/>
      <f>344.71090349136216</f>
      <cx>-0.50614643932965464</cx>
      <cy>1.2989538353501189</cy>
    </calibration>
  </depth_map>
  <depth_map camera_id="32" level="1" path="1/d32.exr">
    <calibration type="frame">
      <resolution width="162" height="108"/>
      <f>172.35545174568108</f>
      <cx>-0.25307321966482732</cx>
      <cy>0.64947691767505944</cy>
    </calibration>
  </depth_map>
  <depth_map camera_id="33" level="0" path="0/d33.exr">
    <calibration type="frame">
      <resolution width="324" height="216"/>
      <f>344.71090349136216</f>
      <cx>-0.50614643932965464</cx>
      <cy>1.2989538353501189</cy>
    </calibration>
  </depth_map>
  <depth_map camera_id="33" level="1" path="1/d33.exr">
    <calibration type="frame">
      <resolution width="162" height="108"/>
      <f>172.35545174568108</f>
      <cx>-0.25307321966482732</cx>
      <cy>0.64947691767505944</cy>
    </calibration>
  </depth_map>
  <depth_map camera_id="34" level="0" path="0/d34.exr">
    <calibration type="frame">
      <resolution width="324" height="216"/>
      <f>344.71090349136216</f>
      <cx>-0.50614643932965464</cx>
      <cy>1.2989538353501189</cy>
    </calibration>
  </depth_map>
  <depth_map camera_id="34" level="1" path="1/d34.exr">
    <calibration type="frame">
      <resolution width="162" height="108"/>
      <f>172.35545174568108</f>
      <cx>-0.25307321966482732</cx>
      <cy>0.64947691767505944</cy>
    </calibration>
  </depth_map>
  <depth_map camera_id="35" level="0" path="0/d35.exr">
    <calibration type="frame">
      <resolution width="324" height="216"/>
      <f>344.71090349136216</f>
      <cx>-0.50614643932965464</cx>
      <cy>1.2989538353501189</cy>
    </calibration>
  </depth_map>
  <depth_map camera_id="35" level="1" path="1/d35.exr">
    <calibration type="frame">
      <resolution width="162" height="108"/>
      <f>172.35545174568108</f>
      <cx>-0.25307321966482732</cx>
      <cy>0.64947691767505944</cy>
    </calibration>
  </depth_map>
  <depth_map camera_id="36" level="0" path="0/d36.exr">
    <calibration type="frame">
      <resolution width="324" height="216"/>
      <f>344.71090349136216</f>
      <cx>-0.50614643932965464</cx>
      <cy>1.2989538353501189</cy>
    </calibration>
  </depth_map>
  <depth_map camera_id="36" level="1" path="1/d36.exr">
    <calibration type="frame">
      <resolution width="162" height="108"/>
      <f>172.35545174568108</f>
      <cx>-0.25307321966482732</cx>
      <cy>0.64947691767505944</cy>
    </calibration>
  </depth_map>
  <depth_map camera_id="37" level="0" path="0/d37.exr">
    <calibration type="frame">
      <resolution width="324" height="216"/>
      <f>344.71090349136216</f>
      <cx>-0.50614643932965464</cx>
      <cy>1.2989538353501189</cy>
    </calibration>
  </depth_map>
  <depth_map camera_id="38" level="0" path="0/d38.exr">
    <calibration type="frame">
      <resolution width="324" height="216"/>
      <f>344.71090349136216</f>
      <cx>-0.50614643932965464</cx>
      <cy>1.2989538353501189</cy>
    </calibration>
  </depth_map>
  <depth_map camera_id="39" level="0" path="0/d39.exr">
    <calibration type="frame">
      <resolution width="324" height="216"/>
      <f>344.71090349136216</f>
      <cx>-0.50614643932965464</cx>
      <cy>1.2989538353501189</cy>
    </calibration>
  </depth_map>
  <depth_map camera_id="39" level="1" path="1/d39.exr">
    <calibration type="frame">
      <resolution width="162" height="108"/>
      <f>172.35545174568108</f>
      <cx>-0.25307321966482732</cx>
      <cy>0.64947691767505944</cy>
    </calibration>
  </depth_map>
  <depth_map camera_id="40" level="0" path="0/d40.exr">
    <calibration type="frame">
      <resolution width="324" height="216"/>
      <f>344.71090349136216</f>
      <cx>-0.50614643932965464</cx>
      <cy>1.2989538353501189</cy>
    </calibration>
  </depth_map>
  <depth_map camera_id="40" level="1" path="1/d40.exr">
    <calibration type="frame">
      <resolution width="162" height="108"/>
      <f>172.35545174568108</f>
      <cx>-0.25307321966482732</cx>
      <cy>0.64947691767505944</cy>
    </calibration>
  </depth_map>
  <depth_map camera_id="41" level="0" path="0/d41.exr">
    <calibration type="frame">
      <resolution width="324" height="216"/>
      <f>344.71090349136216</f>
      <cx>-0.50614643932965464</cx>
      <cy>1.2989538353501189</cy>
    </calibration>
  </depth_map>
  <depth_map camera_id="41" level="1" path="1/d41.exr">
    <calibration type="frame">
      <resolution width="162" height="108"/>
      <f>172.35545174568108</f>
      <cx>-0.25307321966482732</cx>
      <cy>0.64947691767505944</cy>
    </calibration>
  </depth_map>
  <depth_map camera_id="42" level="0" path="0/d42.exr">
    <calibration type="frame">
      <resolution width="324" height="216"/>
      <f>344.71090349136216</f>
      <cx>-0.50614643932965464</cx>
      <cy>1.2989538353501189</cy>
    </calibration>
  </depth_map>
  <depth_map camera_id="42" level="1" path="1/d42.exr">
    <calibration type="frame">
      <resolution width="162" height="108"/>
      <f>172.35545174568108</f>
      <cx>-0.25307321966482732</cx>
      <cy>0.64947691767505944</cy>
    </calibration>
  </depth_map>
  <depth_map camera_id="43" level="0" path="0/d43.exr">
    <calibration type="frame">
      <resolution width="324" height="216"/>
      <f>344.71090349136216</f>
      <cx>-0.50614643932965464</cx>
      <cy>1.2989538353501189</cy>
    </calibration>
  </depth_map>
  <depth_map camera_id="43" level="1" path="1/d43.exr">
    <calibration type="frame">
      <resolution width="162" height="108"/>
      <f>172.35545174568108</f>
      <cx>-0.25307321966482732</cx>
      <cy>0.64947691767505944</cy>
    </calibration>
  </depth_map>
  <depth_map camera_id="103" level="0" path="0/d103.exr">
    <calibration type="frame">
      <resolution width="324" height="216"/>
      <f>344.71090349136216</f>
      <cx>-0.50614643932965464</cx>
      <cy>1.2989538353501189</cy>
    </calibration>
  </depth_map>
  <depth_map camera_id="104" level="0" path="0/d104.exr">
    <calibration type="frame">
      <resolution width="324" height="216"/>
      <f>344.71090349136216</f>
      <cx>-0.50614643932965464</cx>
      <cy>1.2989538353501189</cy>
    </calibration>
  </depth_map>
  <depth_map camera_id="105" level="0" path="0/d105.exr">
    <calibration type="frame">
      <resolution width="324" height="216"/>
      <f>344.71090349136216</f>
      <cx>-0.50614643932965464</cx>
      <cy>1.2989538353501189</cy>
    </calibration>
  </depth_map>
  <depth_map camera_id="105" level="1" path="1/d105.exr">
    <calibration type="frame">
      <resolution width="162" height="108"/>
      <f>172.35545174568108</f>
      <cx>-0.25307321966482732</cx>
      <cy>0.64947691767505944</cy>
    </calibration>
  </depth_map>
  <depth_map camera_id="106" level="0" path="0/d106.exr">
    <calibration type="frame">
      <resolution width="324" height="216"/>
      <f>344.71090349136216</f>
      <cx>-0.50614643932965464</cx>
      <cy>1.2989538353501189</cy>
    </calibration>
  </depth_map>
  <depth_map camera_id="106" level="1" path="1/d106.exr">
    <calibration type="frame">
      <resolution width="162" height="108"/>
      <f>172.35545174568108</f>
      <cx>-0.25307321966482732</cx>
      <cy>0.64947691767505944</cy>
    </calibration>
  </depth_map>
  <depth_map camera_id="107" level="0" path="0/d107.exr">
    <calibration type="frame">
      <resolution width="324" height="216"/>
      <f>344.71090349136216</f>
      <cx>-0.50614643932965464</cx>
      <cy>1.2989538353501189</cy>
    </calibration>
  </depth_map>
  <depth_map camera_id="107" level="1" path="1/d107.exr">
    <calibration type="frame">
      <resolution width="162" height="108"/>
      <f>172.35545174568108</f>
      <cx>-0.25307321966482732</cx>
      <cy>0.64947691767505944</cy>
    </calibration>
  </depth_map>
</depth_maps>
