<?xml version="1.0" encoding="UTF-8"?>
<depth_maps version="1.2.0">
  <blocks>
    <block path="data0.zip"/>
    <block path="data1.zip"/>
    <block path="data2.zip"/>
    <block path="data3.zip"/>
    <block path="data4.zip"/>
    <block path="data5.zip"/>
    <block path="data6.zip"/>
    <block path="data7.zip"/>
  </blocks>
  <meta>
    <property name="BuildDepthMaps/cameras" value=""/>
    <property name="BuildDepthMaps/downscale" value="16"/>
    <property name="BuildDepthMaps/duration" value="25.183"/>
    <property name="BuildDepthMaps/filter_mode" value="0"/>
    <property name="BuildDepthMaps/max_neighbors" value="-1"/>
    <property name="BuildDepthMaps/max_workgroup_size" value="100"/>
    <property name="BuildDepthMaps/ram_used" value="221876224"/>
    <property name="BuildDepthMaps/reuse_depth" value="false"/>
    <property name="BuildDepthMaps/subdivide_task" value="true"/>
    <property name="BuildDepthMaps/workitem_size_cameras" value="20"/>
    <property name="Info/LastSavedDateTime" value="2020:08:07 22:15:29"/>
    <property name="Info/LastSavedSoftwareVersion" value="1.6.3.10732"/>
    <property name="Info/OriginalDateTime" value="2020:08:07 22:15:29"/>
    <property name="Info/OriginalSoftwareVersion" value="1.6.3.10732"/>
  </meta>
</depth_maps>
