Plant ID,index,plot,plant,kind,center.x(m),center.y(m),min_rect_width(m),min_rect_length(m),hover_area(m2),PLA(cm2),centroid.x(m),centroid.y(m),long_axis(m),short_axis(m),orient_deg2xaxis,percentile_height(m)
1,0,S01 - 00000 - ALLSTEPS-v27-med - MetashapeDenseCloud,0,0,3.759217713,-1.677080369,0.353765566,0.309285388,0.082497085,236.5555556,3.758759182,-1.672668641,0.326568738,0.273844366,82.16747994,0.09765356
2,1,S01 - 00000 - ALLSTEPS-v27-med - MetashapeDenseCloud,1,0,4.043416484,-1.851639308,0.265667987,0.291399552,0.054794175,193.4444444,4.039123234,-1.863780451,0.27241584,0.254611006,-49.01227431,0.057022573
3,2,S01 - 00000 - ALLSTEPS-v27-med - MetashapeDenseCloud,2,0,4.257799238,-1.585673935,0.257177919,0.47338778,0.087022591,214.4444444,4.254449918,-1.585210279,0.402670793,0.214071182,-17.2103384,0.127202426
4,3,S01 - 00000 - ALLSTEPS-v27-med - MetashapeDenseCloud,3,0,4.447050785,-1.853011984,0.454884915,0.228173959,0.068908773,183.1111111,4.44612718,-1.851262377,0.445079049,0.215855777,18.4694548,0.089333178
5,4,S01 - 00000 - ALLSTEPS-v27-med - MetashapeDenseCloud,4,0,4.751847044,-1.530516245,0.434432261,0.356344345,0.100764094,294.4444444,4.737516232,-1.527073437,0.440782104,0.245852583,-17.43269803,0.158053446
6,5,S01 - 00000 - ALLSTEPS-v27-med - MetashapeDenseCloud,5,0,4.876244138,-1.830239403,0.271797283,0.301144336,0.065102459,218.6666667,4.881663983,-1.830359289,0.306598681,0.22079055,-4.248534669,0.16697449
7,0,S02 - 00000 - ALLSTEPS-v27-med - MetashapeDenseCloud,0,0,-0.021044188,-1.292511111,0.298723407,0.320611634,0.067004994,191.8888889,-0.022374931,-1.294478089,0.361290019,0.239425551,36.83891812,0.128059024
8,1,S02 - 00000 - ALLSTEPS-v27-med - MetashapeDenseCloud,1,0,0.198861317,-0.994592295,0.472225328,0.256999977,0.086852385,235.6666667,0.202068755,-0.994834781,0.442697067,0.219212527,24.41212759,0.101826127
9,2,S02 - 00000 - ALLSTEPS-v27-med - MetashapeDenseCloud,2,0,0.426971254,-1.31379187,0.319479638,0.298053511,0.071753714,201.7777778,0.427029765,-1.318584407,0.34844663,0.262161561,70.40107876,0.080740187
10,3,S02 - 00000 - ALLSTEPS-v27-med - MetashapeDenseCloud,3,0,0.718051405,-1.07669803,0.252828039,0.190591138,0.036876423,137.6666667,0.718778844,-1.079680421,0.240563199,0.16147948,-13.85716216,0.177160208
11,4,S02 - 00000 - ALLSTEPS-v27-med - MetashapeDenseCloud,4,0,0.907327564,-1.343215686,0.289107923,0.290948543,0.06564397,152.5555556,0.900458897,-1.34966791,0.330454449,0.271502957,-58.57042342,0.189864329
12,5,S02 - 00000 - ALLSTEPS-v27-med - MetashapeDenseCloud,5,0,1.129920118,-1.002091919,0.311490372,0.408204875,0.095139059,282.5555556,1.12175455,-1.004285625,0.359118969,0.303030449,-8.190996948,0.143617071
13,6,S02 - 00000 - ALLSTEPS-v27-med - MetashapeDenseCloud,6,0,1.346476833,-1.335270943,0.317707017,0.201374636,0.048485297,174.1111111,1.359873049,-1.328286225,0.312219066,0.162150701,41.06335168,0.159615009
14,0,S03 - 00000 - ALLSTEPS-v27-med - MetashapeDenseCloud,0,0,-0.783984354,-1.543188277,0.300980073,0.276291977,0.061108476,190.5555556,-0.782925167,-1.547063558,0.320165359,0.222622097,87.55176971,0.181320508
15,1,S03 - 00000 - ALLSTEPS-v27-med - MetashapeDenseCloud,1,0,-0.530094286,-1.408414448,0.295727544,0.421864995,0.089963739,252.5555556,-0.532733854,-1.40567218,0.423790372,0.249562981,85.16580772,0.082969315
16,2,S03 - 00000 - ALLSTEPS-v27-med - MetashapeDenseCloud,2,0,-0.289931926,-1.58275824,0.288800728,0.305427415,0.067923883,183.1111111,-0.284637478,-1.579132482,0.300203817,0.250752313,-85.26432607,0.155495079
17,3,S03 - 00000 - ALLSTEPS-v27-med - MetashapeDenseCloud,3,0,-0.014790214,-1.352925325,0.31937743,0.389653033,0.098532996,231.7777778,-0.011712151,-1.353115582,0.367561706,0.294223182,-37.28065385,0.069244762
18,4,S03 - 00000 - ALLSTEPS-v27-med - MetashapeDenseCloud,4,0,0.180565314,-1.657761268,0.267723489,0.172541501,0.031777458,137.7777778,0.18103543,-1.661495301,0.238159242,0.133086266,65.01420297,0.195178574
19,5,S03 - 00000 - ALLSTEPS-v27-med - MetashapeDenseCloud,5,0,0.581297797,-1.545618567,0.286308581,0.492609605,0.116204715,281.5555556,0.586533183,-1.556962782,0.466015102,0.270260327,-39.90857882,0.145427671
20,0,S04 - 00000 - ALLSTEPS-v27-med - MetashapeDenseCloud,0,0,-6.648340883,-2.568273575,0.233340137,0.28333077,0.048904736,170.5555556,-6.655306643,-2.566559715,0.276048242,0.19267642,-59.45667164,0.175925158
21,1,S04 - 00000 - ALLSTEPS-v27-med - MetashapeDenseCloud,1,0,-6.404637556,-2.308235216,0.473036428,0.323836158,0.111217853,268.7777778,-6.400101873,-2.312634252,0.438778305,0.30531444,-15.64723077,0.139604705
22,2,S04 - 00000 - ALLSTEPS-v27-med - MetashapeDenseCloud,2,0,-6.08341728,-2.592872266,0.339183366,0.334544857,0.079522744,231.4444444,-6.088690492,-2.607408018,0.358201994,0.26425377,38.45184007,0.137158192
23,3,S04 - 00000 - ALLSTEPS-v27-med - MetashapeDenseCloud,3,0,-5.702213874,-2.44021998,0.466283903,0.488790291,0.179039293,361.6666667,-5.699302536,-2.443938209,0.489365604,0.391786097,-76.75055354,0.110526163
24,4,S04 - 00000 - ALLSTEPS-v27-med - MetashapeDenseCloud,4,0,-5.323222126,-2.289343811,0.224327247,0.214033008,0.038617587,159.3333333,-5.320317926,-2.288948377,0.218765769,0.201426065,-25.82818485,0.190671546
25,5,S04 - 00000 - ALLSTEPS-v27-med - MetashapeDenseCloud,5,0,-5.21811135,-2.683287681,0.188843365,0.20655883,0.027676105,117.5555556,-5.221286292,-2.692624464,0.212276286,0.145499669,-80.54629594,0.172139071
26,0,S05 - 00000 - ALLSTEPS-v27-med - MetashapeDenseCloud,0,0,0.003929138,-1.056650147,0.349558437,0.352255673,0.091740376,263.2222222,0.00401358,-1.058915663,0.359836795,0.279940492,9.990713844,0.122578753
27,1,S05 - 00000 - ALLSTEPS-v27-med - MetashapeDenseCloud,1,0,0.307058842,-0.742503093,0.332437582,0.420172169,0.107792226,329,0.301807102,-0.745552431,0.430920481,0.268837653,12.5407656,0.147721766
28,2,S05 - 00000 - ALLSTEPS-v27-med - MetashapeDenseCloud,2,0,0.452704782,-1.095590966,0.214932822,0.28728326,0.048399255,158,0.443127147,-1.102823022,0.268236815,0.175752338,2.152895357,0.168963583
29,3,S05 - 00000 - ALLSTEPS-v27-med - MetashapeDenseCloud,3,0,0.813540104,-0.921952387,0.389469131,0.283547503,0.088231381,225.8888889,0.81577892,-0.925482477,0.370095537,0.266363122,57.30728414,0.075875687
30,4,S05 - 00000 - ALLSTEPS-v27-med - MetashapeDenseCloud,4,0,0.970574868,-1.24481145,0.441436219,0.279047927,0.087738637,248.4444444,0.969763218,-1.24089358,0.386677257,0.246576273,55.11634078,0.111176573
31,5,S05 - 00000 - ALLSTEPS-v27-med - MetashapeDenseCloud,5,0,1.300574396,-1.007449449,0.230431288,0.404167643,0.072609437,206.6666667,1.295788638,-1.002310491,0.431876262,0.190113987,-70.08257704,0.180563151
32,0,S06 - 00000 - ALLSTEPS-v27-med - MetashapeDenseCloud,0,0,3.37080903,-1.882061441,0.360653816,0.342893566,0.094759936,291.7777778,3.36613545,-1.884568342,0.340972143,0.291641924,72.88350659,0.167645686
33,1,S06 - 00000 - ALLSTEPS-v27-med - MetashapeDenseCloud,1,0,3.738032549,-2.110068363,0.311091355,0.382311374,0.086134174,238.2222222,3.736452682,-2.118212932,0.364290786,0.306865418,-36.88475791,0.106196845
34,2,S06 - 00000 - ALLSTEPS-v27-med - MetashapeDenseCloud,2,0,4.027277857,-1.852443641,0.28161738,0.23453091,0.049388547,167.4444444,4.02692606,-1.849611597,0.274108146,0.181042015,65.15158075,0.187079641
35,3,S06 - 00000 - ALLSTEPS-v27-med - MetashapeDenseCloud,3,0,4.230534115,-2.18150469,0.378662604,0.301928091,0.085057249,221.4444444,4.233199816,-2.178050611,0.378083557,0.250159238,84.76244125,0.110517734
36,4,S06 - 00000 - ALLSTEPS-v27-med - MetashapeDenseCloud,4,0,4.416642048,-1.795027351,0.290409383,0.391345908,0.081394786,261,4.416696748,-1.794878774,0.379237895,0.246264794,-70.23111467,0.148642135
37,5,S06 - 00000 - ALLSTEPS-v27-med - MetashapeDenseCloud,5,0,4.621492628,-2.126461618,0.312227935,0.249647089,0.062832901,218,4.624538114,-2.124502604,0.289055772,0.235563737,77.45604509,0.185071399
38,0,S07 - 00000 - ALLSTEPS-v27-med - MetashapeDenseCloud,0,0,1.003030633,-2.29350822,0.322850998,0.363206062,0.085890883,203.7777778,1.009574234,-2.306034149,0.375675497,0.272803166,-35.72418686,0.172315835
39,1,S07 - 00000 - ALLSTEPS-v27-med - MetashapeDenseCloud,1,0,1.275377923,-1.978415809,0.383700076,0.269751122,0.089880373,266,1.268859691,-1.986794801,0.38563989,0.227399703,57.14830782,0.136734508
40,2,S07 - 00000 - ALLSTEPS-v27-med - MetashapeDenseCloud,2,0,1.530741003,-2.399652823,0.309168774,0.35784099,0.068043065,184.7777778,1.528542606,-2.40439654,0.312735023,0.306649997,-71.10238841,0.17170534
41,3,S07 - 00000 - ALLSTEPS-v27-med - MetashapeDenseCloud,3,0,1.838010392,-2.194031491,0.288971933,0.393424875,0.080128791,198.2222222,1.834319266,-2.193091074,0.358497173,0.247642408,-31.0937813,0.074642533
42,4,S07 - 00000 - ALLSTEPS-v27-med - MetashapeDenseCloud,4,0,2.275653843,-2.343270421,0.387449518,0.448691899,0.148637591,359.6666667,2.269125982,-2.34946431,0.417779803,0.36090905,-84.44738483,0.068515147
43,5,S07 - 00000 - ALLSTEPS-v27-med - MetashapeDenseCloud,5,0,2.679084025,-2.119073694,0.24570465,0.251122174,0.050796161,194.8888889,2.676941264,-2.117463727,0.226786242,0.225743477,-25.73738001,0.171479919
44,0,S08 - 00000 - ALLSTEPS-v27-med - MetashapeDenseCloud,0,0,0.144442076,-1.545593483,0.348792635,0.270325394,0.070584589,240.7777778,0.138889228,-1.548319144,0.34452565,0.227130716,-13.64113343,0.139773719
45,1,S08 - 00000 - ALLSTEPS-v27-med - MetashapeDenseCloud,1,0,0.461446328,-1.821705389,0.326358944,0.551903486,0.143596178,333.1111111,0.455003238,-1.828297907,0.534047928,0.284357742,-34.72101464,0.036310875
46,2,S08 - 00000 - ALLSTEPS-v27-med - MetashapeDenseCloud,2,0,0.814887334,-1.589133877,0.192095662,0.349335208,0.048932913,165.5555556,0.813680906,-1.580504157,0.267316332,0.175061244,-29.17509998,0.179892795
47,3,S08 - 00000 - ALLSTEPS-v27-med - MetashapeDenseCloud,3,0,1.046846873,-1.820122264,0.328045741,0.355078059,0.086936816,219.3333333,1.049337803,-1.819111514,0.365766746,0.267334414,77.64344335,0.098712306
48,4,S08 - 00000 - ALLSTEPS-v27-med - MetashapeDenseCloud,4,0,1.287745628,-1.514287797,0.269506041,0.310537243,0.065713521,190.3333333,1.292543346,-1.51623545,0.327885437,0.230672161,-52.26725587,0.171618792
49,5,S08 - 00000 - ALLSTEPS-v27-med - MetashapeDenseCloud,5,0,1.488862748,-1.871539757,0.292017273,0.289904511,0.060441609,186.5555556,1.494104321,-1.864902886,0.293036422,0.243817801,-34.70312821,0.183820309
50,0,S09 - 00000 - ALLSTEPS-v27-med - MetashapeDenseCloud,0,0,0.008991434,-1.70355977,0.324668729,0.383806972,0.087034349,221.5555556,0.005719176,-1.704428945,0.403787832,0.277480764,78.86695479,0.079570685
51,1,S09 - 00000 - ALLSTEPS-v27-med - MetashapeDenseCloud,1,0,0.426976348,-1.810051253,0.296140964,0.252196413,0.059279696,196.3333333,0.424735487,-1.811068972,0.289420166,0.226810517,68.22733012,0.142300457
52,2,S09 - 00000 - ALLSTEPS-v27-med - MetashapeDenseCloud,2,0,0.703772521,-1.593265342,0.233295025,0.231127713,0.043506264,149.2222222,0.703842313,-1.58406286,0.231258063,0.196838879,-30.62118858,0.131765699
53,3,S09 - 00000 - ALLSTEPS-v27-med - MetashapeDenseCloud,3,0,0.862799255,-1.888084824,0.259965093,0.175238986,0.030825801,105.7777778,0.858098024,-1.886291225,0.258916109,0.139468562,63.46011418,0.190133055
54,4,S09 - 00000 - ALLSTEPS-v27-med - MetashapeDenseCloud,4,0,1.140682109,-1.549286191,0.19455003,0.204117952,0.034159778,164.2222222,1.145574194,-1.553502101,0.207058023,0.179644842,-74.90187604,0.180172057
55,5,S09 - 00000 - ALLSTEPS-v27-med - MetashapeDenseCloud,5,0,1.329515543,-1.920198338,0.315005309,0.360922507,0.080809475,199.1111111,1.32576801,-1.921513852,0.339968811,0.278818578,-54.45158794,0.184742275
56,0,S10 - 00000 - ALLSTEPS-v27-med - MetashapeDenseCloud,0,0,-8.366797299,-2.368580113,0.218369845,0.272391151,0.046571322,188.3333333,-8.370629435,-2.372022987,0.24249592,0.204334328,-62.58071251,0.180634142
57,1,S10 - 00000 - ALLSTEPS-v27-med - MetashapeDenseCloud,1,0,-7.975090917,-2.64447235,0.299458115,0.397280525,0.087316599,229.8888889,-7.974469785,-2.643856486,0.37534032,0.27577116,-0.595373543,0.121087813
58,2,S10 - 00000 - ALLSTEPS-v27-med - MetashapeDenseCloud,2,0,-7.698940849,-2.381796284,0.400243466,0.427520024,0.139842207,358.1111111,-7.701794857,-2.37378629,0.40562012,0.366501534,-1.694626059,0.063999353
59,3,S10 - 00000 - ALLSTEPS-v27-med - MetashapeDenseCloud,3,0,-7.41860079,-2.696182723,0.348141257,0.3475677,0.093594905,210.2222222,-7.420555572,-2.694714538,0.364021736,0.301857948,-71.65547127,0.186926982
60,4,S10 - 00000 - ALLSTEPS-v27-med - MetashapeDenseCloud,4,0,-7.147058144,-2.454149826,0.388739245,0.341447997,0.104490077,269.2222222,-7.157129029,-2.442476151,0.411373828,0.267335144,-70.83660923,0.132531396
61,5,S10 - 00000 - ALLSTEPS-v27-med - MetashapeDenseCloud,5,0,-6.777009171,-2.442314971,0.239073657,0.450496406,0.078082753,216.6666667,-6.777909681,-2.44541061,0.461587631,0.193188778,-83.32015516,0.161804373
62,0,S11 - 00000 - ALLSTEPS-v27-med - MetashapeDenseCloud,0,0,-7.139036008,-2.978934605,0.409856081,0.220589004,0.073982927,241.1111111,-7.14619405,-2.983199861,0.382174021,0.189061957,52.03484268,0.195901864
63,1,S11 - 00000 - ALLSTEPS-v27-med - MetashapeDenseCloud,1,0,-6.778143419,-3.077230968,0.212251615,0.307072319,0.049683035,189.1111111,-6.785705614,-3.083096713,0.266261899,0.16433943,-9.742570282,0.170178809
64,2,S11 - 00000 - ALLSTEPS-v27-med - MetashapeDenseCloud,2,0,-6.501576864,-2.836281187,0.270680031,0.409997291,0.074783689,202,-6.508269104,-2.833995919,0.371075763,0.225711819,-20.62476904,0.135249768
65,3,S11 - 00000 - ALLSTEPS-v27-med - MetashapeDenseCloud,3,0,-6.287336289,-3.13200562,0.356989032,0.391023902,0.106840947,264.3333333,-6.282070733,-3.134557024,0.371654522,0.310825878,-43.2143882,0.097123244
66,4,S11 - 00000 - ALLSTEPS-v27-med - MetashapeDenseCloud,4,0,-6.062970344,-2.756081714,0.413374159,0.356453324,0.101659629,201.5555556,-6.074301214,-2.757219163,0.458648903,0.267996898,60.82940459,0.205126956
67,5,S11 - 00000 - ALLSTEPS-v27-med - MetashapeDenseCloud,5,0,-5.843220719,-3.08061627,0.296745183,0.397796781,0.082222856,245.1111111,-5.842921045,-3.082166963,0.391838442,0.239933563,-46.91096272,0.098910081
68,0,S12 - 00000 - ALLSTEPS-v27-med - MetashapeDenseCloud,0,0,0.320394879,-0.846762111,0.357886694,0.487050505,0.126921491,329.2222222,0.31144731,-0.847522013,0.43837695,0.333783007,-40.32390814,0.137901756
69,1,S12 - 00000 - ALLSTEPS-v27-med - MetashapeDenseCloud,1,0,0.629110903,-0.566491384,0.325111763,0.472871029,0.108506867,295.5555556,0.621964608,-0.570924432,0.432766761,0.287846391,-88.10499989,0.107282965
70,2,S12 - 00000 - ALLSTEPS-v27-med - MetashapeDenseCloud,2,0,0.813854617,-0.955060935,0.295920445,0.267198269,0.057454328,216.4444444,0.817428352,-0.952318242,0.268534962,0.234374464,-54.43169432,0.133717324
71,3,S12 - 00000 - ALLSTEPS-v27-med - MetashapeDenseCloud,3,0,1.057929966,-0.707854284,0.28400073,0.373868647,0.075757225,191.7777778,1.070907585,-0.709676299,0.414817814,0.198400104,-41.33115059,0.173224424
72,4,S12 - 00000 - ALLSTEPS-v27-med - MetashapeDenseCloud,4,0,1.504535011,-0.541578038,0.533146753,0.406692777,0.147690842,371,1.509664013,-0.540101038,0.46540333,0.342869437,71.08432147,0.1044653
73,5,S12 - 00000 - ALLSTEPS-v27-med - MetashapeDenseCloud,5,0,1.669998174,-0.913354101,0.319946728,0.347471555,0.079378545,212.4444444,1.67247642,-0.919840278,0.366530755,0.260160091,-81.58450528,0.076972646
74,0,S13 - 00000 - ALLSTEPS-v27-med - MetashapeDenseCloud,0,0,0.137428114,-1.931038321,0.422628445,0.263924134,0.086102347,240.5555556,0.132004696,-1.926321428,0.425473492,0.226690215,29.53700834,0.107291258
75,1,S13 - 00000 - ALLSTEPS-v27-med - MetashapeDenseCloud,1,0,0.368870249,-2.153053868,0.295823697,0.308082646,0.063449878,208.3333333,0.362962066,-2.162702606,0.326720767,0.239666099,71.05690021,0.079703908
76,2,S13 - 00000 - ALLSTEPS-v27-med - MetashapeDenseCloud,2,0,0.575580662,-1.855491786,0.297293521,0.462232199,0.092339168,247.6666667,0.589261337,-1.864687106,0.40756173,0.272909862,-22.32984581,0.068548902
77,3,S13 - 00000 - ALLSTEPS-v27-med - MetashapeDenseCloud,3,0,0.887953645,-2.187213791,0.431438832,0.450309501,0.156014385,397.1111111,0.889307188,-2.19326354,0.436270161,0.357567651,-16.39332783,0.067316305
78,4,S13 - 00000 - ALLSTEPS-v27-med - MetashapeDenseCloud,4,0,1.159079909,-1.859752129,0.306783787,0.349532463,0.081092146,240.4444444,1.155409397,-1.862319083,0.342542423,0.258843241,-61.33412333,0.109821829
79,5,S13 - 00000 - ALLSTEPS-v27-med - MetashapeDenseCloud,5,0,1.381732628,-2.200951118,0.369398861,0.269379502,0.074601486,185.8888889,1.377588931,-2.208112114,0.401712832,0.225053102,45.73529476,0.052214258
80,0,S14 - 00000 - ALLSTEPS-v27-med - MetashapeDenseCloud,0,0,-7.854196897,-2.816472309,0.4465953,0.410086553,0.124228005,269,-7.853998171,-2.817681854,0.489936831,0.322120303,51.86921097,0.053009619
81,1,S14 - 00000 - ALLSTEPS-v27-med - MetashapeDenseCloud,1,0,-7.544562621,-2.496509099,0.379399468,0.270288634,0.072132082,199.1111111,-7.541987896,-2.49688896,0.317081043,0.269374014,-85.5580992,0.179356849
82,2,S14 - 00000 - ALLSTEPS-v27-med - MetashapeDenseCloud,2,0,-7.291390572,-2.813218693,0.419374674,0.444445483,0.163835331,324.7777778,-7.299249482,-2.820684982,0.464150312,0.337298242,37.05045961,0.050913609
83,3,S14 - 00000 - ALLSTEPS-v27-med - MetashapeDenseCloud,3,0,-6.842116604,-2.886632225,0.290358003,0.400088815,0.084193849,268.6666667,-6.843117242,-2.889481712,0.439702185,0.243916925,-68.68008343,0.186978173
84,4,S14 - 00000 - ALLSTEPS-v27-med - MetashapeDenseCloud,4,0,-6.603074924,-2.583740924,0.290251621,0.154043549,0.039622766,187.3333333,-6.596701508,-2.584462236,0.289090349,0.147149554,84.16258234,0.204196162
85,5,S14 - 00000 - ALLSTEPS-v27-med - MetashapeDenseCloud,5,0,-6.405705441,-2.945766644,0.28748647,0.302635064,0.06484612,222.3333333,-6.404394252,-2.942560396,0.307025289,0.225982798,-54.73515793,0.18090973
86,0,S15 - 00000 - ALLSTEPS-v27-med - MetashapeDenseCloud,0,0,-3.488569639,-3.061596621,0.392935493,0.372819414,0.115198154,309.3333333,-3.488122679,-3.058424991,0.364436973,0.311391633,-60.95581518,0.126672982
87,1,S15 - 00000 - ALLSTEPS-v27-med - MetashapeDenseCloud,1,0,-3.108457801,-2.798994286,0.302365153,0.249142997,0.054725329,173.2222222,-3.108399194,-2.806991826,0.332771091,0.19390163,69.41647398,0.197753409
88,2,S15 - 00000 - ALLSTEPS-v27-med - MetashapeDenseCloud,2,0,-2.901292869,-3.087109964,0.271000446,0.28747255,0.066207495,246.1111111,-2.900644612,-3.095490401,0.276237561,0.242203495,-75.72820373,0.121779666
89,3,S15 - 00000 - ALLSTEPS-v27-med - MetashapeDenseCloud,3,0,-2.499855891,-2.94624697,0.344816156,0.265574084,0.063353737,208.1111111,-2.504907855,-2.955574144,0.373752089,0.199006982,58.56105756,0.127735874
90,4,S15 - 00000 - ALLSTEPS-v27-med - MetashapeDenseCloud,4,0,-2.091753082,-3.146029533,0.27811161,0.313006709,0.063108615,194.8888889,-2.103626752,-3.145048755,0.33875501,0.220075781,88.30948773,0.141108415
91,5,S15 - 00000 - ALLSTEPS-v27-med - MetashapeDenseCloud,5,0,-1.710159062,-2.990547789,0.244393386,0.361901961,0.060467357,188.7777778,-1.705887548,-2.992390404,0.33550589,0.205832375,-66.63915873,0.085733638
92,0,S16 - 00000 - ALLSTEPS-v27-med - MetashapeDenseCloud,0,0,0.625075997,-2.213293443,0.272523838,0.345396065,0.067301487,205.2222222,0.616063376,-2.212359507,0.341719938,0.226088949,-32.36004203,0.103297733
93,1,S16 - 00000 - ALLSTEPS-v27-med - MetashapeDenseCloud,1,0,0.96823638,-1.888125991,0.438871534,0.341039765,0.098458774,257.8888889,0.9706974,-1.879937459,0.430532716,0.292398102,9.768841622,0.131322696
94,2,S16 - 00000 - ALLSTEPS-v27-med - MetashapeDenseCloud,2,0,1.152644774,-2.2933173,0.322125683,0.254758402,0.05341625,171,1.154942461,-2.289192469,0.315494031,0.209284209,47.48672161,0.140415484
95,3,S16 - 00000 - ALLSTEPS-v27-med - MetashapeDenseCloud,3,0,1.517280821,-2.115259661,0.336218443,0.50775298,0.121232704,260.5555556,1.523210439,-2.119096303,0.522456694,0.297781032,-74.69587905,0.163843228
96,4,S16 - 00000 - ALLSTEPS-v27-med - MetashapeDenseCloud,4,0,1.897978552,-2.244235914,0.445426424,0.323764788,0.109272232,276.1111111,1.892810446,-2.24281599,0.448528861,0.295743796,-75.33903674,0.111282721
97,5,S16 - 00000 - ALLSTEPS-v27-med - MetashapeDenseCloud,5,0,2.293217398,-2.090849275,0.290991059,0.484770588,0.100576441,234.4444444,2.287023074,-2.088284974,0.478070137,0.22790553,-46.84275563,0.14616827
98,0,S17 - 00000 - ALLSTEPS-v27-med - MetashapeDenseCloud,0,0,2.494909506,-2.12194657,0.325274188,0.294980067,0.069247437,178,2.488877301,-2.125024911,0.369134057,0.259391846,60.88897957,0.120411259
99,1,S17 - 00000 - ALLSTEPS-v27-med - MetashapeDenseCloud,1,0,2.762818024,-1.714039509,0.399082369,0.357128922,0.115222569,264.1111111,2.746943681,-1.726708673,0.476749889,0.287527731,25.77506772,0.153199799
100,2,S17 - 00000 - ALLSTEPS-v27-med - MetashapeDenseCloud,2,0,3.069832405,-2.055693032,0.38028337,0.283460812,0.080802983,155.7777778,3.071307958,-2.054250612,0.355397927,0.27495029,-82.93183016,0.149101362
101,3,S17 - 00000 - ALLSTEPS-v27-med - MetashapeDenseCloud,3,0,3.389884431,-1.862482136,0.323156098,0.451737828,0.114036473,276.2222222,3.385384072,-1.865405846,0.439185646,0.286059987,-36.95478588,0.17431425
102,4,S17 - 00000 - ALLSTEPS-v27-med - MetashapeDenseCloud,4,0,3.764662673,-2.107192658,0.38132182,0.330327424,0.09837219,232.8888889,3.764525664,-2.107243149,0.434886233,0.300260574,41.19818333,0.138385212
103,5,S17 - 00000 - ALLSTEPS-v27-med - MetashapeDenseCloud,5,0,4.189895811,-1.814733937,0.232495114,0.37563561,0.068891842,191.6666667,4.185154378,-1.801711057,0.385262666,0.200763525,-67.62823321,0.132631427
104,0,S18 - 00000 - ALLSTEPS-v27-med - MetashapeDenseCloud,0,0,-3.384016605,-1.578238575,0.472483051,0.349815856,0.121176159,290.3333333,-3.386182846,-1.582029439,0.469067048,0.300699031,38.87012152,0.169409618
105,1,S18 - 00000 - ALLSTEPS-v27-med - MetashapeDenseCloud,1,0,-3.053296649,-1.182332041,0.411875489,0.247985043,0.070870464,198.5555556,-3.054454142,-1.187528607,0.388711228,0.179657458,-87.9873449,0.212813951
106,2,S18 - 00000 - ALLSTEPS-v27-med - MetashapeDenseCloud,2,0,-2.726274546,-1.418091839,0.259540408,0.41302771,0.075433263,239.1111111,-2.731907462,-1.417141285,0.352328032,0.201120548,-86.4716468,0.171367578
107,3,S18 - 00000 - ALLSTEPS-v27-med - MetashapeDenseCloud,3,0,-2.369609247,-1.457573732,0.471905291,0.343620458,0.119220511,281.8888889,-2.371197484,-1.465965731,0.482912319,0.283922784,77.30130185,0.104020843
108,4,S18 - 00000 - ALLSTEPS-v27-med - MetashapeDenseCloud,4,0,-2.037671748,-1.579370846,0.232394989,0.308302152,0.048427155,126.1111111,-2.034728269,-1.570077805,0.348613819,0.205060486,-76.3580875,0.115811357
109,5,S18 - 00000 - ALLSTEPS-v27-med - MetashapeDenseCloud,5,0,-1.65893134,-1.484134622,0.3156589,0.498051632,0.117905691,288,-1.662517668,-1.485893214,0.494788389,0.234660739,-58.92569268,0.150063124
110,0,S19 - 00000 - ALLSTEPS-v27-med - MetashapeDenseCloud,0,0,-7.544940536,-2.924529975,0.291350041,0.238342813,0.057177238,229.5555556,-7.548073818,-2.92421167,0.256733031,0.228357715,58.57587817,0.166481081
111,1,S19 - 00000 - ALLSTEPS-v27-med - MetashapeDenseCloud,1,0,-7.292022828,-2.57476899,0.286193314,0.201528815,0.044124015,183.1111111,-7.295199273,-2.574295322,0.285655955,0.152501407,67.60335677,0.176484241
112,2,S19 - 00000 - ALLSTEPS-v27-med - MetashapeDenseCloud,2,0,-7.070297686,-2.950716362,0.371869235,0.302341133,0.089409051,273.4444444,-7.074158756,-2.951925464,0.338834344,0.277752732,76.26754726,0.135975486
113,3,S19 - 00000 - ALLSTEPS-v27-med - MetashapeDenseCloud,3,0,-6.660580212,-2.844418494,0.365702623,0.308118633,0.088148923,247.8888889,-6.657779828,-2.845720085,0.37947431,0.254660794,66.53178797,0.080294612
114,4,S19 - 00000 - ALLSTEPS-v27-med - MetashapeDenseCloud,4,0,-6.262170893,-2.910798368,0.316267052,0.263256644,0.064083436,209,-6.264174138,-2.913409532,0.329103796,0.241885005,-85.90190992,0.133272596
115,5,S19 - 00000 - ALLSTEPS-v27-med - MetashapeDenseCloud,5,0,-5.874669637,-2.787955831,0.352497806,0.326100242,0.085940127,228.2222222,-5.874654182,-2.782777379,0.417103887,0.257314094,-80.59699716,0.112468144
116,0,S20 - 00000 - ALLSTEPS-v27-med - MetashapeDenseCloud,0,0,4.043005643,-1.820928925,0.379954207,0.341586848,0.086553727,226.1111111,4.045945662,-1.813988799,0.372605315,0.278384272,-35.0727048,0.21853788
117,1,S20 - 00000 - ALLSTEPS-v27-med - MetashapeDenseCloud,1,0,4.364407866,-1.531098992,0.328389285,0.416071679,0.085489895,209.4444444,4.36058582,-1.524231529,0.343663111,0.275944353,-19.76842521,0.112278794
118,2,S20 - 00000 - ALLSTEPS-v27-med - MetashapeDenseCloud,2,0,4.615000798,-1.882646173,0.319546609,0.262471127,0.064447663,219.6666667,4.617517101,-1.885055634,0.322291304,0.235061299,76.65795901,0.215299896
119,3,S20 - 00000 - ALLSTEPS-v27-med - MetashapeDenseCloud,3,0,4.923405978,-1.749446925,0.260245975,0.41628072,0.078975127,160.8888889,4.916079275,-1.75703301,0.453013207,0.243551413,-85.17267198,0.13464416
120,4,S20 - 00000 - ALLSTEPS-v27-med - MetashapeDenseCloud,4,0,5.370014602,-1.928811743,0.38261745,0.463775546,0.123559248,285,5.369277583,-1.913909467,0.526463042,0.284896822,-81.90659977,0.14773761
121,5,S20 - 00000 - ALLSTEPS-v27-med - MetashapeDenseCloud,5,0,5.75865843,-1.733926358,0.453474326,0.351580431,0.116895873,258,5.763161112,-1.740050543,0.499958319,0.29907743,71.4514402,0.14279904
122,0,S21 - 00000 - ALLSTEPS-v27-med - MetashapeDenseCloud,0,0,-5.968664325,-2.951433725,0.360551513,0.269268869,0.067819033,218.6666667,-5.964692188,-2.943010859,0.362024775,0.222368891,49.61285531,0.133247496
123,1,S21 - 00000 - ALLSTEPS-v27-med - MetashapeDenseCloud,1,0,-5.615022739,-2.573297672,0.162891219,0.254875596,0.033753784,138.3333333,-5.615493969,-2.574050693,0.268684097,0.140305796,-82.98577165,0.159214939
124,2,S21 - 00000 - ALLSTEPS-v27-med - MetashapeDenseCloud,2,0,-5.375042363,-2.937797415,0.443726817,0.410432158,0.138604757,330.1111111,-5.382051404,-2.931370538,0.480781052,0.316446554,58.37579789,0.097166738
125,3,S21 - 00000 - ALLSTEPS-v27-med - MetashapeDenseCloud,3,0,-4.909851477,-2.714458538,0.451544376,0.272465423,0.081594326,192.3333333,-4.913912386,-2.714095229,0.463154674,0.220161347,49.22807896,0.201304853
126,4,S21 - 00000 - ALLSTEPS-v27-med - MetashapeDenseCloud,4,0,-4.650580898,-3.00456877,0.314400625,0.305875644,0.067113035,198.3333333,-4.64876443,-3.002489146,0.332292673,0.247759517,70.50449287,0.069626993
127,5,S21 - 00000 - ALLSTEPS-v27-med - MetashapeDenseCloud,5,0,-4.265401833,-2.774555206,0.331343866,0.231713297,0.061501085,225.5555556,-4.26045312,-2.775631642,0.338160654,0.191074433,-81.63233513,0.161748123
128,0,S22 - 00000 - ALLSTEPS-v27-med - MetashapeDenseCloud,0,0,1.978898065,-2.079050482,0.228992608,0.268126359,0.047174683,191.3333333,1.97022429,-2.07829124,0.239536299,0.210287669,-47.75284906,0.167332246
129,1,S22 - 00000 - ALLSTEPS-v27-med - MetashapeDenseCloud,1,0,2.289745501,-1.697653745,0.414826791,0.308970428,0.090379071,257.4444444,2.284250741,-1.707228029,0.426916574,0.251532488,51.5529578,0.142542837
130,2,S22 - 00000 - ALLSTEPS-v27-med - MetashapeDenseCloud,2,0,2.508434351,-2.043592596,0.160398085,0.24030182,0.028361735,104.2222222,2.500782795,-2.041474661,0.246107252,0.14533787,-24.98472397,0.122769052
131,3,S22 - 00000 - ALLSTEPS-v27-med - MetashapeDenseCloud,3,0,2.825870129,-1.956782982,0.528126444,0.398689753,0.154901628,333.6666667,2.828355017,-1.951404307,0.568485335,0.338591325,-70.49487513,0.088314846
132,4,S22 - 00000 - ALLSTEPS-v27-med - MetashapeDenseCloud,4,0,3.163404051,-2.194450756,0.337290692,0.279411542,0.071147733,200.4444444,3.168704319,-2.188677651,0.312265329,0.248848135,35.11838979,0.154373063
133,5,S22 - 00000 - ALLSTEPS-v27-med - MetashapeDenseCloud,5,0,3.308808172,-1.862606337,0.302764688,0.330552976,0.069654076,168.5555556,3.314969176,-1.859789746,0.387988029,0.250004108,-33.52168074,0.124472489
134,0,S23 - 00000 - ALLSTEPS-v27-med - MetashapeDenseCloud,0,0,0.940623329,-1.805776982,0.359037607,0.332079491,0.088072818,232.5555556,0.932074856,-1.80351511,0.341609896,0.308103769,62.21494279,0.180961428
135,1,S23 - 00000 - ALLSTEPS-v27-med - MetashapeDenseCloud,1,0,1.292388939,-1.454143354,0.490480956,0.28428676,0.105146914,266.3333333,1.292441577,-1.452233109,0.4962136,0.249688601,48.3344834,0.145353588
136,2,S23 - 00000 - ALLSTEPS-v27-med - MetashapeDenseCloud,2,0,1.564457028,-1.879643436,0.365784849,0.373066626,0.097833165,217.1111111,1.562606569,-1.88054722,0.382676634,0.296162732,-52.73055847,0.124416892
137,3,S23 - 00000 - ALLSTEPS-v27-med - MetashapeDenseCloud,3,0,2.000222956,-1.598413601,0.284208556,0.281934676,0.065050248,204.8888889,2.004170957,-1.598568221,0.301319642,0.224511488,35.21684904,0.203981515
138,4,S23 - 00000 - ALLSTEPS-v27-med - MetashapeDenseCloud,4,0,2.300893589,-1.805191134,0.306038085,0.235242476,0.052522185,120.6666667,2.301066551,-1.806514558,0.347211287,0.187973891,54.67278927,0.073558139
139,5,S23 - 00000 - ALLSTEPS-v27-med - MetashapeDenseCloud,5,0,2.651274535,-1.616516539,0.281641217,0.419772343,0.085346865,235.7777778,2.647997594,-1.612221591,0.448988778,0.216701547,-75.62149576,0.19999078
140,0,S24 - 00000 - ALLSTEPS-v27-med - MetashapeDenseCloud,0,0,-0.032400199,-1.718479097,0.367915079,0.283940682,0.078624159,266.6666667,-0.037271,-1.726244202,0.380136453,0.231274242,60.96392848,0.147740155
141,1,S24 - 00000 - ALLSTEPS-v27-med - MetashapeDenseCloud,1,0,0.336381075,-1.92854194,0.262212057,0.360477295,0.069685626,166,0.331936497,-1.93253612,0.351633379,0.240738199,-79.9350048,0.12939674
142,2,S24 - 00000 - ALLSTEPS-v27-med - MetashapeDenseCloud,2,0,0.674532873,-1.837991497,0.19880318,0.365951942,0.055231209,166.4444444,0.671904176,-1.84163427,0.321378868,0.178925793,88.31795456,0.207551215
143,3,S24 - 00000 - ALLSTEPS-v27-med - MetashapeDenseCloud,3,0,1.002331165,-1.581151706,0.464586331,0.238934196,0.085641054,250.2222222,0.998710167,-1.586692923,0.437139545,0.202198709,72.38123356,0.11198206
144,4,S24 - 00000 - ALLSTEPS-v27-med - MetashapeDenseCloud,4,0,1.235772941,-1.911378679,0.403460395,0.281192936,0.093463609,249.5555556,1.225990135,-1.896288315,0.445729645,0.254976031,81.04233732,0.168071383
145,5,S24 - 00000 - ALLSTEPS-v27-med - MetashapeDenseCloud,5,0,1.591667057,-1.610637361,0.398226229,0.467669171,0.137556816,275.2222222,1.596969379,-1.613037664,0.505883461,0.307361535,-47.45112435,0.0749973
146,0,S25 - 00000 - ALLSTEPS-v27-med - MetashapeDenseCloud,0,0,3.685072718,-3.19850639,0.424273714,0.492037585,0.155976553,351.2222222,3.67358034,-3.193912431,0.483445286,0.389350772,-50.97069037,0.135167378
147,1,S25 - 00000 - ALLSTEPS-v27-med - MetashapeDenseCloud,1,0,4.018062618,-2.847403608,0.311233715,0.486935502,0.100317538,245.2222222,4.019210534,-2.847561983,0.492628732,0.250506182,-24.98193038,0.081383086
148,2,S25 - 00000 - ALLSTEPS-v27-med - MetashapeDenseCloud,2,0,4.292307184,-3.213944118,0.351839593,0.217267102,0.062911331,177,4.293808258,-3.213107746,0.352187692,0.200306924,15.83862917,0.183898122
149,3,S25 - 00000 - ALLSTEPS-v27-med - MetashapeDenseCloud,3,0,4.66932738,-2.965945001,0.459401636,0.466317757,0.158722272,331,4.671935082,-2.963200613,0.498137319,0.398825499,49.88050086,0.134039246
150,4,S25 - 00000 - ALLSTEPS-v27-med - MetashapeDenseCloud,4,0,4.946635661,-3.287096369,0.229250848,0.380994341,0.060141804,187.3333333,4.948546733,-3.28574443,0.374123164,0.209092342,-23.52138437,0.060213953
151,5,S25 - 00000 - ALLSTEPS-v27-med - MetashapeDenseCloud,5,0,5.20157731,-2.970272058,0.41604936,0.276148862,0.08290595,221.2222222,5.199052547,-2.971210213,0.410430387,0.235931479,28.09585571,0.199620593
152,0,S26 - 00000 - ALLSTEPS-v27-med - MetashapeDenseCloud,0,0,-5.944490492,-2.629194114,0.221623967,0.362034952,0.067475056,185.8888889,-5.938279321,-2.632136136,0.382949784,0.187890051,-61.13584867,0.190252671
153,1,S26 - 00000 - ALLSTEPS-v27-med - MetashapeDenseCloud,1,0,-5.622843448,-2.293034136,0.335080593,0.410659705,0.100416099,226.1111111,-5.630564109,-2.281491957,0.42767344,0.30059851,-64.52363956,0.159563496
154,2,S26 - 00000 - ALLSTEPS-v27-med - MetashapeDenseCloud,2,0,-5.369306389,-2.710096918,0.414905976,0.307183558,0.092486165,242.7777778,-5.367684359,-2.709344181,0.396902963,0.267258362,56.90961515,0.134293904
155,3,S26 - 00000 - ALLSTEPS-v27-med - MetashapeDenseCloud,3,0,-4.979659095,-2.50274007,0.330806972,0.390648638,0.093465437,269.6666667,-4.976271103,-2.503852772,0.373505858,0.296773409,-9.183335653,0.124988093
156,4,S26 - 00000 - ALLSTEPS-v27-med - MetashapeDenseCloud,4,0,-4.670235558,-2.743394662,0.536963554,0.281818219,0.100795645,291.3333333,-4.676900527,-2.740868504,0.510519868,0.227638785,56.78465001,0.138141747
157,5,S26 - 00000 - ALLSTEPS-v27-med - MetashapeDenseCloud,5,0,-4.290641564,-2.417977968,0.27450508,0.356452536,0.074622293,215.8888889,-4.291389473,-2.418916558,0.335143924,0.248563007,-74.6265454,0.154157011
158,0,S27 - 00000 - ALLSTEPS-v27-med - MetashapeDenseCloud,0,0,-5.029419649,-2.237427994,0.260997148,0.315224894,0.058373901,221.8888889,-5.016304219,-2.236880764,0.322344935,0.215921425,2.0303504,0.164511906
159,1,S27 - 00000 - ALLSTEPS-v27-med - MetashapeDenseCloud,1,0,-4.773139194,-1.864426339,0.336198013,0.442507242,0.116363252,260.6666667,-4.777556508,-1.865761553,0.414699462,0.328819724,-47.01201145,0.161417209
160,2,S27 - 00000 - ALLSTEPS-v27-med - MetashapeDenseCloud,2,0,-4.441088592,-2.296075911,0.372848558,0.403795945,0.112108458,213.2222222,-4.440609896,-2.293476848,0.421203472,0.337872825,39.86197114,0.176920773
161,3,S27 - 00000 - ALLSTEPS-v27-med - MetashapeDenseCloud,3,0,-4.14504516,-1.923434481,0.401475549,0.339725077,0.100023646,269.7777778,-4.14689337,-1.92887563,0.391687906,0.285190081,84.92985488,0.141188088
162,4,S27 - 00000 - ALLSTEPS-v27-med - MetashapeDenseCloud,4,0,-3.918445421,-2.325960384,0.401360383,0.404540922,0.115683832,281.5555556,-3.916590425,-2.324026736,0.371576586,0.338340646,-66.49034311,0.150769457
163,5,S27 - 00000 - ALLSTEPS-v27-med - MetashapeDenseCloud,5,0,-3.550451421,-1.970778146,0.395429762,0.514304362,0.152618359,336.2222222,-3.537445537,-1.973769337,0.581496352,0.31540604,-57.70988225,0.119533741
164,0,S28 - 00000 - ALLSTEPS-v27-med - MetashapeDenseCloud,0,0,1.576769949,-2.620437363,0.355948948,0.456799266,0.117079168,281.5555556,1.577199291,-2.625616471,0.463301396,0.275463336,-22.22369233,0.117297576
165,1,S28 - 00000 - ALLSTEPS-v27-med - MetashapeDenseCloud,1,0,1.910452825,-2.344396846,0.366207404,0.372260327,0.103610218,237.5555556,1.914562813,-2.350932557,0.421675452,0.268015349,45.14733949,0.159543896
166,2,S28 - 00000 - ALLSTEPS-v27-med - MetashapeDenseCloud,2,0,2.288768719,-2.627724731,0.312649585,0.458518359,0.110536128,230.6666667,2.279097415,-2.620884308,0.496441201,0.289890812,-60.52041758,0.173118144
167,3,S28 - 00000 - ALLSTEPS-v27-med - MetashapeDenseCloud,3,0,2.658521385,-2.334684472,0.259612253,0.27460467,0.057331337,211.5555556,2.665825287,-2.331827456,0.267059286,0.224269127,-64.46712453,0.19966623
168,4,S28 - 00000 - ALLSTEPS-v27-med - MetashapeDenseCloud,4,0,2.878430842,-2.716325454,0.279172799,0.338153537,0.070616632,189.5555556,2.876518795,-2.716061349,0.34855949,0.241810518,78.54382458,0.098061327
169,5,S28 - 00000 - ALLSTEPS-v27-med - MetashapeDenseCloud,5,0,3.259250056,-2.453290778,0.350158376,0.399223951,0.107577587,240.7777778,3.261638298,-2.447919299,0.457384408,0.311462178,-19.1802475,0.161618147
170,0,S29 - 00000 - ALLSTEPS-v27-med - MetashapeDenseCloud,0,0,-6.099092344,-2.631136648,0.200338714,0.362083932,0.060655165,177.3333333,-6.102631535,-2.628934664,0.370266584,0.192276474,-52.04425857,0.108713197
171,1,S29 - 00000 - ALLSTEPS-v27-med - MetashapeDenseCloud,1,0,-5.780313234,-2.362583007,0.306571228,0.3092102,0.074762188,193.7777778,-5.784715469,-2.357426947,0.310686943,0.274558975,-6.811698291,0.120887174
172,2,S29 - 00000 - ALLSTEPS-v27-med - MetashapeDenseCloud,2,0,-5.490693198,-2.632671171,0.372423686,0.310031525,0.084156247,188.1111111,-5.497707841,-2.631749612,0.390445948,0.244921075,44.75937402,0.072395618
173,3,S29 - 00000 - ALLSTEPS-v27-med - MetashapeDenseCloud,3,0,-5.053428588,-2.327883797,0.452917584,0.349306345,0.121833334,273.3333333,-5.051575047,-2.3239622,0.439118434,0.288186452,33.27587408,0.096259158
174,4,S29 - 00000 - ALLSTEPS-v27-med - MetashapeDenseCloud,4,0,-4.865496984,-2.758128756,0.297774251,0.268632591,0.066013082,193.7777778,-4.86406628,-2.756650923,0.283595123,0.271697788,63.53874744,0.211974875
175,5,S29 - 00000 - ALLSTEPS-v27-med - MetashapeDenseCloud,5,0,-4.549904332,-2.380839821,0.351687321,0.319526154,0.084062336,185.1111111,-4.554323005,-2.385453093,0.389022085,0.264610617,60.66259621,0.232194215
176,0,S30 - 00000 - ALLSTEPS-v27-med - MetashapeDenseCloud,0,0,3.236884722,-2.820902586,0.322102277,0.365615795,0.091939446,226.8888889,3.244257113,-2.816552001,0.393177898,0.294951671,-56.23347386,0.189221882
177,1,S30 - 00000 - ALLSTEPS-v27-med - MetashapeDenseCloud,1,0,3.578492096,-2.475681337,0.291420862,0.384697868,0.084274727,240.8888889,3.576953907,-2.475411739,0.354176669,0.272967199,-10.3979477,0.106068188
178,2,S30 - 00000 - ALLSTEPS-v27-med - MetashapeDenseCloud,2,0,3.9086079,-2.774088338,0.267273708,0.317798474,0.065968086,206.1111111,3.90765493,-2.771381391,0.286904839,0.226920149,-45.34142661,0.192997272
179,3,S30 - 00000 - ALLSTEPS-v27-med - MetashapeDenseCloud,3,0,4.304345263,-2.521750837,0.228745329,0.261445632,0.044728769,129.8888889,4.306835912,-2.521195988,0.239366722,0.211814131,78.28590913,0.156682606
180,4,S30 - 00000 - ALLSTEPS-v27-med - MetashapeDenseCloud,4,0,4.509377609,-2.873032011,0.318770562,0.291288665,0.066570572,199.8888889,4.509102159,-2.873819613,0.278132554,0.264857534,73.7842603,0.208369947
181,5,S30 - 00000 - ALLSTEPS-v27-med - MetashapeDenseCloud,5,0,4.794551867,-2.542639886,0.330007557,0.398462706,0.098243498,257.2222222,4.800610007,-2.539921772,0.402467221,0.281484023,-29.66565691,0.115739008
182,0,S31 - 00000 - ALLSTEPS-v27-med - MetashapeDenseCloud,0,0,1.695152192,-1.963845579,0.298133286,0.467597465,0.104774744,291.4444444,1.687497885,-1.967060729,0.446112132,0.243784261,88.93807226,0.146491872
183,1,S31 - 00000 - ALLSTEPS-v27-med - MetashapeDenseCloud,1,0,2.072290623,-1.689925548,0.372653887,0.321863631,0.088552917,238.7777778,2.074756506,-1.686873336,0.368422997,0.291193919,36.12260962,0.0656032
184,2,S31 - 00000 - ALLSTEPS-v27-med - MetashapeDenseCloud,2,0,2.366431729,-1.907047352,0.306864524,0.293570099,0.072513651,203.5555556,2.370260451,-1.899240125,0.349607318,0.244471378,52.96368888,0.086797827
185,3,S31 - 00000 - ALLSTEPS-v27-med - MetashapeDenseCloud,3,0,2.725972386,-1.864678347,0.398083847,0.285095524,0.082786326,212.6666667,2.721937285,-1.876546661,0.427263814,0.249683782,72.78437768,0.131236436
186,4,S31 - 00000 - ALLSTEPS-v27-med - MetashapeDenseCloud,4,0,3.006004876,-2.039967265,0.344320124,0.380482509,0.085704495,224.2222222,3.004724361,-2.043878856,0.371951344,0.315503545,-54.09038973,0.093033736
187,5,S31 - 00000 - ALLSTEPS-v27-med - MetashapeDenseCloud,5,0,3.261546672,-1.749108602,0.273616612,0.248454672,0.056506145,182.3333333,3.264669807,-1.751871177,0.269828828,0.224130788,-34.70737806,0.221837365
188,0,S32 - 00000 - ALLSTEPS-v27-med - MetashapeDenseCloud,0,0,0.027840014,-1.98063758,0.453521047,0.453174724,0.14887802,313.8888889,0.021743918,-1.96047177,0.461475236,0.36051177,-61.5540872,0.07546515
189,1,S32 - 00000 - ALLSTEPS-v27-med - MetashapeDenseCloud,1,0,0.302047879,-1.675024522,0.211690286,0.158106987,0.026288407,97.11111111,0.305300734,-1.671628935,0.242373405,0.135335814,28.95789036,0.068450261
190,2,S32 - 00000 - ALLSTEPS-v27-med - MetashapeDenseCloud,2,0,0.527243056,-2.020516971,0.175133502,0.225105131,0.030721144,104.3333333,0.524437432,-2.020738088,0.229389649,0.149590974,-84.39181259,0.098376699
191,3,S32 - 00000 - ALLSTEPS-v27-med - MetashapeDenseCloud,3,0,0.82011948,-1.876605592,0.170794304,0.210273181,0.0269277,76.88888889,0.817471411,-1.875256559,0.177022649,0.143252753,-73.48711465,0.096561558
192,4,S32 - 00000 - ALLSTEPS-v27-med - MetashapeDenseCloud,4,0,1.077880086,-1.833669584,0.284314307,0.198790618,0.039089586,117.1111111,1.069024389,-1.834115524,0.315860513,0.154993073,85.86094157,0.066704143
193,5,S32 - 00000 - ALLSTEPS-v27-med - MetashapeDenseCloud,5,0,1.255664794,-2.109474459,0.237094942,0.23136977,0.045877482,181.6666667,1.256411506,-2.104914957,0.236811381,0.195813991,35.76515966,0.119636823
194,6,S32 - 00000 - ALLSTEPS-v27-med - MetashapeDenseCloud,6,0,1.587841652,-1.752638672,0.256292566,0.314194926,0.059835791,202.8888889,1.585838952,-1.752648764,0.315826815,0.216612075,-60.62144891,0.056904045
195,0,S33 - 00000 - ALLSTEPS-v27-med - MetashapeDenseCloud,0,0,-4.255337512,-2.529805285,0.15955006,0.122996515,0.015165836,63.88888889,-4.260275715,-2.532133305,0.153500202,0.116464714,42.51410447,0.077129278
196,1,S33 - 00000 - ALLSTEPS-v27-med - MetashapeDenseCloud,1,0,-4.010249008,-2.17725692,0.295460044,0.33385487,0.074259949,206.4444444,-4.011210006,-2.17320482,0.379679668,0.237875454,37.07078679,0.043452558
197,2,S33 - 00000 - ALLSTEPS-v27-med - MetashapeDenseCloud,2,0,-3.810730281,-2.475026977,0.425404745,0.159825609,0.0559108,163.7777778,-3.81576241,-2.474217495,0.423817757,0.140330395,86.29026264,0.064908026
198,3,S33 - 00000 - ALLSTEPS-v27-med - MetashapeDenseCloud,3,0,-3.530236086,-2.369964802,0.098487256,0.164885248,0.011419477,62.55555556,-3.531036162,-2.366322869,0.152403022,0.088041706,84.49420689,0.09722911
199,4,S33 - 00000 - ALLSTEPS-v27-med - MetashapeDenseCloud,4,0,-3.22555828,-2.39618697,0.123979431,0.137702745,0.015861874,74.44444444,-3.224528096,-2.392851128,0.143439511,0.12436728,-49.52551024,0.065951123
200,5,S33 - 00000 - ALLSTEPS-v27-med - MetashapeDenseCloud,5,0,-2.970080872,-2.288365549,0.085830809,0.11716048,0.007334156,44.22222222,-2.969667685,-2.289578736,0.115487683,0.082338142,-15.53190635,0.049882874
201,6,S33 - 00000 - ALLSTEPS-v27-med - MetashapeDenseCloud,6,0,-2.775793822,-2.255928706,0.093999031,0.115184109,0.007156133,39.11111111,-2.773612154,-2.257826798,0.112442439,0.08102658,-28.85214814,0.07508223
202,0,S34 - 00000 - ALLSTEPS-v27-med - MetashapeDenseCloud,0,0,2.654489519,-2.415403575,0.232104364,0.139473252,0.02715768,104.2222222,2.652426367,-2.415986068,0.22832835,0.133147676,44.01733673,0.188167669
203,1,S34 - 00000 - ALLSTEPS-v27-med - MetashapeDenseCloud,1,0,2.935210038,-2.075728535,0.257963031,0.262565291,0.051687761,163.8888889,2.939591026,-2.070206517,0.260300668,0.213655351,8.122016025,0.119188862
204,2,S34 - 00000 - ALLSTEPS-v27-med - MetashapeDenseCloud,2,0,3.074853948,-2.451856172,0.241943543,0.11871977,0.023232637,90.77777778,3.072402083,-2.455090985,0.239573107,0.098025017,45.16575479,0.091405259
205,3,S34 - 00000 - ALLSTEPS-v27-med - MetashapeDenseCloud,3,0,3.335468335,-2.253202025,0.201227689,0.205495533,0.03129193,106.7777778,3.331174384,-2.251308234,0.207992884,0.172092477,-19.40244041,0.049002979
206,4,S34 - 00000 - ALLSTEPS-v27-med - MetashapeDenseCloud,4,0,3.637639091,-2.245413202,0.105030265,0.190716703,0.016185355,81.77777778,3.637610316,-2.247354791,0.186723416,0.094092517,-78.9481714,0.097764825
207,5,S34 - 00000 - ALLSTEPS-v27-med - MetashapeDenseCloud,5,0,3.903847343,-2.444062306,0.093594915,0.183528514,0.013875403,68.66666667,3.899848669,-2.442480993,0.180064287,0.090066186,-82.24057934,0.145705865
208,6,S34 - 00000 - ALLSTEPS-v27-med - MetashapeDenseCloud,6,0,4.049157308,-2.127210626,0.151688698,0.124999299,0.0138478,65.88888889,4.047762322,-2.125054801,0.135980947,0.120158835,5.312044464,0.111916728
209,0,S35 - 00000 - ALLSTEPS-v27-med - MetashapeDenseCloud,0,0,-0.22588467,-2.375715561,0.138452913,0.180238583,0.020250555,86.66666667,-0.228934586,-2.37901178,0.187312636,0.125715123,-3.373444929,0.082273375
210,1,S35 - 00000 - ALLSTEPS-v27-med - MetashapeDenseCloud,1,0,0.053398235,-2.047149273,0.385204267,0.269065844,0.074798293,207.3333333,0.054629794,-2.045200775,0.369534423,0.23339766,73.59183708,0.065033572
211,2,S35 - 00000 - ALLSTEPS-v27-med - MetashapeDenseCloud,2,0,0.16334974,-2.363243756,0.146590687,0.139969225,0.017069259,67.11111111,0.160064564,-2.359698292,0.157051273,0.129666238,78.5641231,0.08128229
212,3,S35 - 00000 - ALLSTEPS-v27-med - MetashapeDenseCloud,3,0,0.454129164,-2.167190234,0.202808224,0.276444371,0.039338619,107.4444444,0.450861902,-2.167534586,0.29963252,0.186898971,-59.63260102,0.064136135
213,4,S35 - 00000 - ALLSTEPS-v27-med - MetashapeDenseCloud,4,0,0.842473987,-2.131647521,0.409449947,0.282026269,0.084856086,231.6666667,0.842698774,-2.127791825,0.403190804,0.235012975,80.77849456,0.107475137
214,5,S35 - 00000 - ALLSTEPS-v27-med - MetashapeDenseCloud,5,0,1.111850481,-2.397235363,0.162650061,0.160444598,0.020458392,87,1.11330502,-2.398257838,0.157985318,0.144542103,-68.81550204,0.090125179
215,6,S35 - 00000 - ALLSTEPS-v27-med - MetashapeDenseCloud,6,0,1.397504371,-2.06537567,0.20781102,0.3651391,0.053593023,191.1111111,1.409639971,-2.074007362,0.328358176,0.180793651,-71.39313242,0.073022348
216,0,S36 - 00000 - ALLSTEPS-v27-med - MetashapeDenseCloud,0,0,-0.241738718,-2.153117506,0.239263688,0.183156925,0.035412526,122,-0.249867671,-2.153074664,0.242970529,0.155770349,29.66332875,0.112523044
217,1,S36 - 00000 - ALLSTEPS-v27-med - MetashapeDenseCloud,1,0,0.156445379,-2.136169053,0.126235102,0.075294259,0.007070836,51.77777778,0.155362806,-2.135177906,0.121448526,0.067071068,20.83288568,0.06899115
