<?xml version="1.0" encoding="UTF-8"?>
<depth_maps version="1.5.0">
  <depth_map camera_id="44" level="0" path="0/d44.exr">
    <calibration type="frame">
      <resolution width="324" height="216"/>
      <f>344.71090349146056</f>
      <cx>-0.50614643985161933</cx>
      <cy>1.2989538349576577</cy>
    </calibration>
  </depth_map>
  <depth_map camera_id="44" level="1" path="1/d44.exr">
    <calibration type="frame">
      <resolution width="162" height="108"/>
      <f>172.35545174573028</f>
      <cx>-0.25307321992580967</cx>
      <cy>0.64947691747882885</cy>
    </calibration>
  </depth_map>
  <depth_map camera_id="45" level="0" path="0/d45.exr">
    <calibration type="frame">
      <resolution width="324" height="216"/>
      <f>344.71090349146056</f>
      <cx>-0.50614643985161933</cx>
      <cy>1.2989538349576577</cy>
    </calibration>
  </depth_map>
  <depth_map camera_id="45" level="1" path="1/d45.exr">
    <calibration type="frame">
      <resolution width="162" height="108"/>
      <f>172.35545174573028</f>
      <cx>-0.25307321992580967</cx>
      <cy>0.64947691747882885</cy>
    </calibration>
  </depth_map>
  <depth_map camera_id="46" level="0" path="0/d46.exr">
    <calibration type="frame">
      <resolution width="324" height="216"/>
      <f>344.71090349146056</f>
      <cx>-0.50614643985161933</cx>
      <cy>1.2989538349576577</cy>
    </calibration>
  </depth_map>
  <depth_map camera_id="46" level="1" path="1/d46.exr">
    <calibration type="frame">
      <resolution width="162" height="108"/>
      <f>172.35545174573028</f>
      <cx>-0.25307321992580967</cx>
      <cy>0.64947691747882885</cy>
    </calibration>
  </depth_map>
  <depth_map camera_id="47" level="0" path="0/d47.exr">
    <calibration type="frame">
      <resolution width="324" height="216"/>
      <f>344.71090349146056</f>
      <cx>-0.50614643985161933</cx>
      <cy>1.2989538349576577</cy>
    </calibration>
  </depth_map>
  <depth_map camera_id="47" level="1" path="1/d47.exr">
    <calibration type="frame">
      <resolution width="162" height="108"/>
      <f>172.35545174573028</f>
      <cx>-0.25307321992580967</cx>
      <cy>0.64947691747882885</cy>
    </calibration>
  </depth_map>
  <depth_map camera_id="50" level="0" path="0/d50.exr">
    <calibration type="frame">
      <resolution width="324" height="216"/>
      <f>344.71090349146056</f>
      <cx>-0.50614643985161933</cx>
      <cy>1.2989538349576577</cy>
    </calibration>
  </depth_map>
  <depth_map camera_id="50" level="1" path="1/d50.exr">
    <calibration type="frame">
      <resolution width="162" height="108"/>
      <f>172.35545174573028</f>
      <cx>-0.25307321992580967</cx>
      <cy>0.64947691747882885</cy>
    </calibration>
  </depth_map>
  <depth_map camera_id="51" level="0" path="0/d51.exr">
    <calibration type="frame">
      <resolution width="324" height="216"/>
      <f>344.71090349146056</f>
      <cx>-0.50614643985161933</cx>
      <cy>1.2989538349576577</cy>
    </calibration>
  </depth_map>
  <depth_map camera_id="51" level="1" path="1/d51.exr">
    <calibration type="frame">
      <resolution width="162" height="108"/>
      <f>172.35545174573028</f>
      <cx>-0.25307321992580967</cx>
      <cy>0.64947691747882885</cy>
    </calibration>
  </depth_map>
  <depth_map camera_id="52" level="0" path="0/d52.exr">
    <calibration type="frame">
      <resolution width="324" height="216"/>
      <f>344.71090349146056</f>
      <cx>-0.50614643985161933</cx>
      <cy>1.2989538349576577</cy>
    </calibration>
  </depth_map>
  <depth_map camera_id="52" level="1" path="1/d52.exr">
    <calibration type="frame">
      <resolution width="162" height="108"/>
      <f>172.35545174573028</f>
      <cx>-0.25307321992580967</cx>
      <cy>0.64947691747882885</cy>
    </calibration>
  </depth_map>
  <depth_map camera_id="53" level="0" path="0/d53.exr">
    <calibration type="frame">
      <resolution width="324" height="216"/>
      <f>344.71090349146056</f>
      <cx>-0.50614643985161933</cx>
      <cy>1.2989538349576577</cy>
    </calibration>
  </depth_map>
  <depth_map camera_id="53" level="1" path="1/d53.exr">
    <calibration type="frame">
      <resolution width="162" height="108"/>
      <f>172.35545174573028</f>
      <cx>-0.25307321992580967</cx>
      <cy>0.64947691747882885</cy>
    </calibration>
  </depth_map>
  <depth_map camera_id="54" level="0" path="0/d54.exr">
    <calibration type="frame">
      <resolution width="324" height="216"/>
      <f>344.71090349146056</f>
      <cx>-0.50614643985161933</cx>
      <cy>1.2989538349576577</cy>
    </calibration>
  </depth_map>
  <depth_map camera_id="54" level="1" path="1/d54.exr">
    <calibration type="frame">
      <resolution width="162" height="108"/>
      <f>172.35545174573028</f>
      <cx>-0.25307321992580967</cx>
      <cy>0.64947691747882885</cy>
    </calibration>
  </depth_map>
  <depth_map camera_id="55" level="0" path="0/d55.exr">
    <calibration type="frame">
      <resolution width="324" height="216"/>
      <f>344.71090349146056</f>
      <cx>-0.50614643985161933</cx>
      <cy>1.2989538349576577</cy>
    </calibration>
  </depth_map>
  <depth_map camera_id="55" level="1" path="1/d55.exr">
    <calibration type="frame">
      <resolution width="162" height="108"/>
      <f>172.35545174573028</f>
      <cx>-0.25307321992580967</cx>
      <cy>0.64947691747882885</cy>
    </calibration>
  </depth_map>
  <depth_map camera_id="56" level="0" path="0/d56.exr">
    <calibration type="frame">
      <resolution width="324" height="216"/>
      <f>344.71090349146056</f>
      <cx>-0.50614643985161933</cx>
      <cy>1.2989538349576577</cy>
    </calibration>
  </depth_map>
  <depth_map camera_id="56" level="1" path="1/d56.exr">
    <calibration type="frame">
      <resolution width="162" height="108"/>
      <f>172.35545174573028</f>
      <cx>-0.25307321992580967</cx>
      <cy>0.64947691747882885</cy>
    </calibration>
  </depth_map>
  <depth_map camera_id="57" level="0" path="0/d57.exr">
    <calibration type="frame">
      <resolution width="324" height="216"/>
      <f>344.71090349146056</f>
      <cx>-0.50614643985161933</cx>
      <cy>1.2989538349576577</cy>
    </calibration>
  </depth_map>
  <depth_map camera_id="57" level="1" path="1/d57.exr">
    <calibration type="frame">
      <resolution width="162" height="108"/>
      <f>172.35545174573028</f>
      <cx>-0.25307321992580967</cx>
      <cy>0.64947691747882885</cy>
    </calibration>
  </depth_map>
  <depth_map camera_id="58" level="0" path="0/d58.exr">
    <calibration type="frame">
      <resolution width="324" height="216"/>
      <f>344.71090349146056</f>
      <cx>-0.50614643985161933</cx>
      <cy>1.2989538349576577</cy>
    </calibration>
  </depth_map>
  <depth_map camera_id="58" level="1" path="1/d58.exr">
    <calibration type="frame">
      <resolution width="162" height="108"/>
      <f>172.35545174573028</f>
      <cx>-0.25307321992580967</cx>
      <cy>0.64947691747882885</cy>
    </calibration>
  </depth_map>
  <depth_map camera_id="59" level="0" path="0/d59.exr">
    <calibration type="frame">
      <resolution width="324" height="216"/>
      <f>344.71090349146056</f>
      <cx>-0.50614643985161933</cx>
      <cy>1.2989538349576577</cy>
    </calibration>
  </depth_map>
  <depth_map camera_id="59" level="1" path="1/d59.exr">
    <calibration type="frame">
      <resolution width="162" height="108"/>
      <f>172.35545174573028</f>
      <cx>-0.25307321992580967</cx>
      <cy>0.64947691747882885</cy>
    </calibration>
  </depth_map>
  <depth_map camera_id="138" level="0" path="0/d138.exr">
    <calibration type="frame">
      <resolution width="324" height="216"/>
      <f>344.71090349146056</f>
      <cx>-0.50614643985161933</cx>
      <cy>1.2989538349576577</cy>
    </calibration>
  </depth_map>
  <depth_map camera_id="138" level="1" path="1/d138.exr">
    <calibration type="frame">
      <resolution width="162" height="108"/>
      <f>172.35545174573028</f>
      <cx>-0.25307321992580967</cx>
      <cy>0.64947691747882885</cy>
    </calibration>
  </depth_map>
  <depth_map camera_id="139" level="0" path="0/d139.exr">
    <calibration type="frame">
      <resolution width="324" height="216"/>
      <f>344.71090349146056</f>
      <cx>-0.50614643985161933</cx>
      <cy>1.2989538349576577</cy>
    </calibration>
  </depth_map>
  <depth_map camera_id="140" level="0" path="0/d140.exr">
    <calibration type="frame">
      <resolution width="324" height="216"/>
      <f>344.71090349146056</f>
      <cx>-0.50614643985161933</cx>
      <cy>1.2989538349576577</cy>
    </calibration>
  </depth_map>
  <depth_map camera_id="141" level="0" path="0/d141.exr">
    <calibration type="frame">
      <resolution width="324" height="216"/>
      <f>344.71090349146056</f>
      <cx>-0.50614643985161933</cx>
      <cy>1.2989538349576577</cy>
    </calibration>
  </depth_map>
</depth_maps>
