<?xml version="1.0" encoding="UTF-8"?>
<depth_maps version="1.5.0">
  <depth_map camera_id="4" level="0" path="0/d4.exr">
    <calibration type="frame">
      <resolution width="324" height="216"/>
      <f>344.71090349136216</f>
      <cx>-0.50614643932965464</cx>
      <cy>1.2989538353501189</cy>
    </calibration>
  </depth_map>
  <depth_map camera_id="4" level="1" path="1/d4.exr">
    <calibration type="frame">
      <resolution width="162" height="108"/>
      <f>172.35545174568108</f>
      <cx>-0.25307321966482732</cx>
      <cy>0.64947691767505944</cy>
    </calibration>
  </depth_map>
  <depth_map camera_id="5" level="0" path="0/d5.exr">
    <calibration type="frame">
      <resolution width="324" height="216"/>
      <f>344.71090349136216</f>
      <cx>-0.50614643932965464</cx>
      <cy>1.2989538353501189</cy>
    </calibration>
  </depth_map>
  <depth_map camera_id="5" level="1" path="1/d5.exr">
    <calibration type="frame">
      <resolution width="162" height="108"/>
      <f>172.35545174568108</f>
      <cx>-0.25307321966482732</cx>
      <cy>0.64947691767505944</cy>
    </calibration>
  </depth_map>
  <depth_map camera_id="6" level="0" path="0/d6.exr">
    <calibration type="frame">
      <resolution width="324" height="216"/>
      <f>344.71090349136216</f>
      <cx>-0.50614643932965464</cx>
      <cy>1.2989538353501189</cy>
    </calibration>
  </depth_map>
  <depth_map camera_id="6" level="1" path="1/d6.exr">
    <calibration type="frame">
      <resolution width="162" height="108"/>
      <f>172.35545174568108</f>
      <cx>-0.25307321966482732</cx>
      <cy>0.64947691767505944</cy>
    </calibration>
  </depth_map>
  <depth_map camera_id="7" level="0" path="0/d7.exr">
    <calibration type="frame">
      <resolution width="324" height="216"/>
      <f>344.71090349136216</f>
      <cx>-0.50614643932965464</cx>
      <cy>1.2989538353501189</cy>
    </calibration>
  </depth_map>
  <depth_map camera_id="7" level="1" path="1/d7.exr">
    <calibration type="frame">
      <resolution width="162" height="108"/>
      <f>172.35545174568108</f>
      <cx>-0.25307321966482732</cx>
      <cy>0.64947691767505944</cy>
    </calibration>
  </depth_map>
  <depth_map camera_id="8" level="0" path="0/d8.exr">
    <calibration type="frame">
      <resolution width="324" height="216"/>
      <f>344.71090349136216</f>
      <cx>-0.50614643932965464</cx>
      <cy>1.2989538353501189</cy>
    </calibration>
  </depth_map>
  <depth_map camera_id="8" level="1" path="1/d8.exr">
    <calibration type="frame">
      <resolution width="162" height="108"/>
      <f>172.35545174568108</f>
      <cx>-0.25307321966482732</cx>
      <cy>0.64947691767505944</cy>
    </calibration>
  </depth_map>
  <depth_map camera_id="9" level="0" path="0/d9.exr">
    <calibration type="frame">
      <resolution width="324" height="216"/>
      <f>344.71090349136216</f>
      <cx>-0.50614643932965464</cx>
      <cy>1.2989538353501189</cy>
    </calibration>
  </depth_map>
  <depth_map camera_id="9" level="1" path="1/d9.exr">
    <calibration type="frame">
      <resolution width="162" height="108"/>
      <f>172.35545174568108</f>
      <cx>-0.25307321966482732</cx>
      <cy>0.64947691767505944</cy>
    </calibration>
  </depth_map>
  <depth_map camera_id="84" level="0" path="0/d84.exr">
    <calibration type="frame">
      <resolution width="324" height="216"/>
      <f>344.71090349136216</f>
      <cx>-0.50614643932965464</cx>
      <cy>1.2989538353501189</cy>
    </calibration>
  </depth_map>
  <depth_map camera_id="84" level="1" path="1/d84.exr">
    <calibration type="frame">
      <resolution width="162" height="108"/>
      <f>172.35545174568108</f>
      <cx>-0.25307321966482732</cx>
      <cy>0.64947691767505944</cy>
    </calibration>
  </depth_map>
  <depth_map camera_id="85" level="0" path="0/d85.exr">
    <calibration type="frame">
      <resolution width="324" height="216"/>
      <f>344.71090349136216</f>
      <cx>-0.50614643932965464</cx>
      <cy>1.2989538353501189</cy>
    </calibration>
  </depth_map>
  <depth_map camera_id="85" level="1" path="1/d85.exr">
    <calibration type="frame">
      <resolution width="162" height="108"/>
      <f>172.35545174568108</f>
      <cx>-0.25307321966482732</cx>
      <cy>0.64947691767505944</cy>
    </calibration>
  </depth_map>
  <depth_map camera_id="86" level="0" path="0/d86.exr">
    <calibration type="frame">
      <resolution width="324" height="216"/>
      <f>344.71090349136216</f>
      <cx>-0.50614643932965464</cx>
      <cy>1.2989538353501189</cy>
    </calibration>
  </depth_map>
  <depth_map camera_id="86" level="1" path="1/d86.exr">
    <calibration type="frame">
      <resolution width="162" height="108"/>
      <f>172.35545174568108</f>
      <cx>-0.25307321966482732</cx>
      <cy>0.64947691767505944</cy>
    </calibration>
  </depth_map>
  <depth_map camera_id="87" level="0" path="0/d87.exr">
    <calibration type="frame">
      <resolution width="324" height="216"/>
      <f>344.71090349136216</f>
      <cx>-0.50614643932965464</cx>
      <cy>1.2989538353501189</cy>
    </calibration>
  </depth_map>
  <depth_map camera_id="87" level="1" path="1/d87.exr">
    <calibration type="frame">
      <resolution width="162" height="108"/>
      <f>172.35545174568108</f>
      <cx>-0.25307321966482732</cx>
      <cy>0.64947691767505944</cy>
    </calibration>
  </depth_map>
  <depth_map camera_id="88" level="0" path="0/d88.exr">
    <calibration type="frame">
      <resolution width="324" height="216"/>
      <f>344.71090349136216</f>
      <cx>-0.50614643932965464</cx>
      <cy>1.2989538353501189</cy>
    </calibration>
  </depth_map>
  <depth_map camera_id="88" level="1" path="1/d88.exr">
    <calibration type="frame">
      <resolution width="162" height="108"/>
      <f>172.35545174568108</f>
      <cx>-0.25307321966482732</cx>
      <cy>0.64947691767505944</cy>
    </calibration>
  </depth_map>
  <depth_map camera_id="89" level="0" path="0/d89.exr">
    <calibration type="frame">
      <resolution width="324" height="216"/>
      <f>344.71090349136216</f>
      <cx>-0.50614643932965464</cx>
      <cy>1.2989538353501189</cy>
    </calibration>
  </depth_map>
  <depth_map camera_id="90" level="0" path="0/d90.exr">
    <calibration type="frame">
      <resolution width="324" height="216"/>
      <f>344.71090349136216</f>
      <cx>-0.50614643932965464</cx>
      <cy>1.2989538353501189</cy>
    </calibration>
  </depth_map>
  <depth_map camera_id="91" level="0" path="0/d91.exr">
    <calibration type="frame">
      <resolution width="324" height="216"/>
      <f>344.71090349136216</f>
      <cx>-0.50614643932965464</cx>
      <cy>1.2989538353501189</cy>
    </calibration>
  </depth_map>
  <depth_map camera_id="122" level="0" path="0/d122.exr">
    <calibration type="frame">
      <resolution width="324" height="216"/>
      <f>344.71090349136216</f>
      <cx>-0.50614643932965464</cx>
      <cy>1.2989538353501189</cy>
    </calibration>
  </depth_map>
  <depth_map camera_id="123" level="0" path="0/d123.exr">
    <calibration type="frame">
      <resolution width="324" height="216"/>
      <f>344.71090349136216</f>
      <cx>-0.50614643932965464</cx>
      <cy>1.2989538353501189</cy>
    </calibration>
  </depth_map>
  <depth_map camera_id="124" level="0" path="0/d124.exr">
    <calibration type="frame">
      <resolution width="324" height="216"/>
      <f>344.71090349136216</f>
      <cx>-0.50614643932965464</cx>
      <cy>1.2989538353501189</cy>
    </calibration>
  </depth_map>
  <depth_map camera_id="125" level="0" path="0/d125.exr">
    <calibration type="frame">
      <resolution width="324" height="216"/>
      <f>344.71090349136216</f>
      <cx>-0.50614643932965464</cx>
      <cy>1.2989538353501189</cy>
    </calibration>
  </depth_map>
</depth_maps>
