<?xml version="1.0" encoding="UTF-8"?>
<dense_cloud version="1.2.0">
  <tiles>
    <tile path="dense_cloud.oc3">
      <totalCount>186197</totalCount>
      <validCount>186197</validCount>
      <pointCount class="0">186197</pointCount>
      <hasPointNormals>true</hasPointNormals>
      <hasPointConfidence>true</hasPointConfidence>
    </tile>
  </tiles>
  <params>
    <dataType>uint8</dataType>
    <bands>
      <band label="Red"/>
      <band label="Green"/>
      <band label="Blue"/>
    </bands>
  </params>
  <meta>
    <property name="BuildDenseCloud/duration" value="20.989"/>
    <property name="BuildDenseCloud/keep_depth" value="true"/>
    <property name="BuildDenseCloud/max_neighbors" value="100"/>
    <property name="BuildDenseCloud/max_workgroup_size" value="100"/>
    <property name="BuildDenseCloud/point_colors" value="true"/>
    <property name="BuildDenseCloud/point_confidence" value="true"/>
    <property name="BuildDenseCloud/ram_used" value="1393930240"/>
    <property name="BuildDenseCloud/resolution" value="0.0365022420179154"/>
    <property name="BuildDenseCloud/subdivide_task" value="true"/>
    <property name="BuildDenseCloud/workitem_size_cameras" value="20"/>
    <property name="BuildDepthMaps/cameras" value=""/>
    <property name="BuildDepthMaps/downscale" value="16"/>
    <property name="BuildDepthMaps/duration" value="17.302"/>
    <property name="BuildDepthMaps/filter_mode" value="0"/>
    <property name="BuildDepthMaps/max_neighbors" value="-1"/>
    <property name="BuildDepthMaps/max_workgroup_size" value="100"/>
    <property name="BuildDepthMaps/ram_used" value="269422592"/>
    <property name="BuildDepthMaps/reuse_depth" value="false"/>
    <property name="BuildDepthMaps/subdivide_task" value="true"/>
    <property name="BuildDepthMaps/workitem_size_cameras" value="20"/>
    <property name="Info/LastSavedDateTime" value="2020:08:07 22:13:31"/>
    <property name="Info/LastSavedSoftwareVersion" value="1.6.3.10732"/>
    <property name="Info/OriginalDateTime" value="2020:08:07 22:13:31"/>
    <property name="Info/OriginalSoftwareVersion" value="1.6.3.10732"/>
  </meta>
</dense_cloud>
